segment,region,months_on_service,monthly_fee,num_logins_30d,num_tickets_90d,add_on_count,payment_type,auto_renew,promo_last_180d,churned
SMB,LATAM,38,49,25,1,1,ACH,1,0,0
Enterprise,EMEA,6,129,15,1,0,ACH,1,0,0
Enterprise,NA,41,129,23,0,0,CreditCard,0,0,0
SMB,NA,22,79,27,1,1,CreditCard,1,0,0
SMB,LATAM,28,49,17,0,0,CreditCard,0,1,0
Mid-Market,NA,19,79,18,1,1,CreditCard,1,0,0
Enterprise,LATAM,13,29,12,1,1,CreditCard,0,1,0
Enterprise,APAC,26,79,14,2,1,CreditCard,1,1,0
SMB,EMEA,26,49,32,1,1,ACH,1,0,0
Enterprise,NA,8,49,21,1,0,Invoice,1,0,1
Enterprise,APAC,12,129,17,2,1,Invoice,1,0,1
Mid-Market,EMEA,34,29,20,2,0,CreditCard,0,1,1
Mid-Market,NA,19,199,22,0,1,CreditCard,0,0,0
Enterprise,NA,29,129,21,1,0,Invoice,1,0,0
Enterprise,EMEA,49,79,20,0,0,CreditCard,0,0,0
Enterprise,APAC,27,79,15,1,0,Invoice,1,0,0
SMB,APAC,22,49,21,1,0,Invoice,1,0,0
Mid-Market,NA,16,49,29,2,0,CreditCard,1,0,0
SMB,EMEA,25,49,23,3,0,CreditCard,0,0,0
Mid-Market,APAC,26,199,20,1,1,CreditCard,1,1,0
Mid-Market,EMEA,23,199,17,1,2,CreditCard,1,0,0
Mid-Market,EMEA,30,129,23,2,0,Invoice,1,0,1
Enterprise,NA,13,199,22,2,1,Invoice,0,0,0
Mid-Market,EMEA,23,49,27,2,1,Invoice,1,1,0
SMB,EMEA,22,129,22,2,0,CreditCard,0,0,1
Mid-Market,LATAM,18,129,27,2,0,Invoice,1,0,1
SMB,EMEA,26,29,18,2,0,Invoice,1,0,0
Mid-Market,APAC,13,199,18,2,0,Invoice,1,0,1
Mid-Market,NA,16,79,17,1,0,Invoice,0,0,0
Enterprise,NA,19,79,26,1,0,CreditCard,0,0,0
SMB,EMEA,21,29,19,4,1,CreditCard,1,0,0
Mid-Market,EMEA,27,49,25,3,1,CreditCard,1,0,0
Mid-Market,APAC,28,29,20,2,0,CreditCard,1,0,0
SMB,LATAM,16,49,18,1,0,ACH,1,0,0
Mid-Market,NA,41,199,15,1,1,CreditCard,1,1,0
Enterprise,LATAM,26,199,21,1,0,CreditCard,1,0,0
SMB,APAC,46,129,27,3,0,CreditCard,1,0,0
Enterprise,NA,38,129,16,1,2,Invoice,1,0,0
SMB,APAC,18,129,24,1,1,CreditCard,1,0,0
SMB,EMEA,13,129,20,1,0,CreditCard,0,0,1
SMB,APAC,11,79,17,3,2,CreditCard,0,0,0
Mid-Market,EMEA,8,129,21,1,1,CreditCard,1,0,0
SMB,LATAM,25,129,22,2,0,ACH,1,1,0
SMB,NA,17,129,22,3,0,CreditCard,1,1,0
SMB,NA,29,49,18,0,0,CreditCard,0,0,1
Enterprise,LATAM,18,129,14,2,0,Invoice,0,0,0
SMB,EMEA,16,29,20,3,1,CreditCard,1,0,1
Mid-Market,NA,28,129,24,1,0,Invoice,1,0,1
SMB,APAC,50,129,16,6,2,Invoice,1,0,1
SMB,EMEA,37,79,18,1,1,Invoice,1,0,0
Enterprise,NA,28,129,22,1,1,CreditCard,0,1,0
Mid-Market,APAC,36,49,16,0,0,CreditCard,1,0,0
Mid-Market,APAC,27,199,19,3,1,CreditCard,1,0,1
Mid-Market,NA,8,129,24,2,0,CreditCard,1,0,0
SMB,LATAM,30,129,25,3,1,CreditCard,0,0,0
SMB,LATAM,28,129,18,2,0,CreditCard,1,0,0
Mid-Market,NA,33,79,17,3,0,CreditCard,1,1,1
Mid-Market,APAC,17,199,20,1,0,CreditCard,1,0,0
Enterprise,LATAM,35,79,16,2,2,Invoice,1,0,0
Mid-Market,LATAM,13,79,22,0,0,ACH,1,0,0
SMB,LATAM,24,79,14,1,1,CreditCard,1,0,1
SMB,EMEA,22,49,22,5,0,Invoice,1,0,0
SMB,LATAM,6,199,22,2,0,Invoice,1,0,1
Enterprise,NA,18,49,28,1,2,CreditCard,1,0,0
Mid-Market,NA,27,49,28,2,0,CreditCard,1,0,0
SMB,EMEA,18,199,22,1,0,CreditCard,1,0,0
Enterprise,EMEA,39,49,13,0,1,Invoice,1,0,0
Enterprise,NA,25,199,26,2,0,CreditCard,1,0,0
SMB,EMEA,20,129,24,2,0,ACH,0,0,1
Enterprise,LATAM,35,79,16,1,0,ACH,1,0,0
Enterprise,APAC,19,49,19,1,0,ACH,0,0,0
SMB,APAC,14,199,27,2,2,CreditCard,1,0,1
Enterprise,APAC,28,29,18,1,0,CreditCard,0,1,0
SMB,NA,13,49,23,2,1,CreditCard,0,0,1
SMB,EMEA,18,49,16,2,1,CreditCard,1,0,0
Enterprise,APAC,23,199,26,0,1,ACH,1,0,0
SMB,LATAM,20,29,18,1,2,Invoice,1,0,0
SMB,LATAM,67,29,15,1,1,Invoice,0,0,0
Mid-Market,LATAM,27,129,18,1,2,CreditCard,1,1,0
SMB,EMEA,21,49,26,2,0,CreditCard,1,0,0
Mid-Market,APAC,17,79,29,2,0,Invoice,0,1,0
Mid-Market,LATAM,26,49,14,0,0,Invoice,1,1,1
Mid-Market,EMEA,9,79,22,2,0,CreditCard,0,1,1
Mid-Market,LATAM,35,79,22,3,1,ACH,1,0,1
Enterprise,APAC,11,199,19,5,1,CreditCard,1,0,0
Enterprise,APAC,26,49,13,2,1,CreditCard,1,0,0
SMB,APAC,21,199,23,2,0,ACH,1,0,1
SMB,APAC,31,129,18,2,1,Invoice,1,0,0
SMB,APAC,23,79,31,1,1,CreditCard,1,1,1
Enterprise,LATAM,27,29,13,3,0,ACH,1,1,0
Mid-Market,APAC,47,79,22,1,2,ACH,1,0,0
Enterprise,LATAM,31,129,18,1,1,CreditCard,1,0,0
Enterprise,APAC,20,79,19,2,0,ACH,1,0,0
SMB,LATAM,15,199,27,2,2,CreditCard,1,0,0
SMB,APAC,21,49,20,4,1,CreditCard,0,0,1
SMB,LATAM,15,29,15,0,0,ACH,1,0,1
Mid-Market,APAC,24,199,24,0,0,CreditCard,1,0,0
Mid-Market,EMEA,24,49,18,1,0,CreditCard,1,1,0
Enterprise,LATAM,12,29,20,2,1,CreditCard,1,0,0
Mid-Market,EMEA,24,129,25,1,0,ACH,1,0,0
SMB,LATAM,41,79,13,0,1,CreditCard,1,0,0
Mid-Market,LATAM,23,29,17,6,1,CreditCard,1,1,0
Mid-Market,LATAM,19,129,14,1,1,ACH,0,1,0
Mid-Market,NA,30,49,13,0,0,CreditCard,0,0,1
Mid-Market,APAC,21,29,19,3,2,CreditCard,1,1,1
SMB,EMEA,22,129,19,2,0,CreditCard,1,0,0
SMB,EMEA,35,49,15,2,0,CreditCard,1,1,0
Enterprise,LATAM,15,199,26,2,0,ACH,1,0,1
Enterprise,EMEA,32,79,19,2,1,CreditCard,1,0,0
Enterprise,EMEA,11,129,23,0,0,CreditCard,1,1,0
Mid-Market,EMEA,49,199,23,2,0,CreditCard,1,0,0
Mid-Market,EMEA,15,49,11,2,1,ACH,1,1,0
SMB,NA,23,29,17,5,1,CreditCard,0,0,0
Enterprise,LATAM,38,79,23,1,0,CreditCard,0,0,0
SMB,EMEA,12,49,16,1,0,ACH,1,0,0
Enterprise,NA,18,129,22,0,0,CreditCard,1,0,1
Enterprise,NA,31,79,20,3,1,CreditCard,1,1,0
Enterprise,LATAM,10,199,14,0,2,Invoice,1,0,0
Mid-Market,APAC,28,79,18,3,1,Invoice,0,1,0
Enterprise,APAC,26,199,26,1,0,CreditCard,1,0,0
Enterprise,APAC,9,49,16,0,0,ACH,0,0,0
Mid-Market,EMEA,9,29,15,1,1,ACH,1,0,0
Enterprise,LATAM,8,79,21,1,1,Invoice,1,0,0
Mid-Market,APAC,25,29,16,0,0,CreditCard,1,0,0
Mid-Market,EMEA,16,29,23,1,1,ACH,1,0,1
SMB,LATAM,11,79,20,1,0,Invoice,1,1,0
Mid-Market,EMEA,33,79,17,3,2,CreditCard,1,0,0
Mid-Market,APAC,39,29,28,2,0,ACH,0,0,1
Mid-Market,APAC,38,129,34,2,0,CreditCard,0,1,0
Enterprise,NA,23,129,27,1,0,Invoice,1,0,0
SMB,NA,9,79,18,0,1,Invoice,1,0,0
Enterprise,LATAM,11,29,14,0,2,CreditCard,1,0,0
Mid-Market,EMEA,13,29,24,1,0,CreditCard,1,0,0
Mid-Market,EMEA,17,49,18,1,1,CreditCard,1,0,0
SMB,APAC,38,29,20,0,1,CreditCard,1,0,0
SMB,APAC,26,129,26,1,0,CreditCard,1,0,0
Mid-Market,LATAM,23,49,18,1,0,CreditCard,0,0,0
Mid-Market,NA,24,129,28,1,0,ACH,1,0,0
Enterprise,APAC,33,199,22,3,2,ACH,1,0,0
Mid-Market,EMEA,32,79,26,2,0,CreditCard,0,0,1
Enterprise,APAC,23,199,16,0,0,ACH,1,0,0
SMB,NA,35,79,23,2,0,Invoice,0,1,1
Enterprise,EMEA,18,129,23,1,1,CreditCard,0,0,0
Mid-Market,NA,31,129,33,2,0,CreditCard,0,0,0
Enterprise,LATAM,35,199,23,2,2,CreditCard,1,0,0
Enterprise,LATAM,32,79,14,2,1,CreditCard,1,0,1
SMB,NA,14,79,24,1,1,ACH,1,0,0
Enterprise,EMEA,21,49,16,2,0,CreditCard,0,1,0
Mid-Market,NA,9,29,21,2,1,Invoice,0,0,0
Enterprise,APAC,12,49,25,1,1,Invoice,0,0,0
Enterprise,APAC,20,129,21,3,1,CreditCard,0,0,0
Enterprise,NA,23,199,21,4,1,CreditCard,1,0,0
Mid-Market,APAC,26,79,24,0,0,ACH,1,1,1
Enterprise,NA,12,49,21,2,0,Invoice,1,0,0
Mid-Market,APAC,21,199,23,3,1,CreditCard,0,0,1
Enterprise,NA,33,199,20,0,1,Invoice,1,0,0
SMB,APAC,25,29,19,1,1,ACH,1,0,0
SMB,EMEA,28,79,32,5,1,CreditCard,1,0,0
SMB,EMEA,23,199,21,1,0,CreditCard,0,0,1
Mid-Market,APAC,16,79,16,1,1,CreditCard,0,0,0
Mid-Market,NA,14,49,23,0,0,CreditCard,1,0,1
Mid-Market,APAC,21,199,21,1,0,ACH,0,0,0
Enterprise,LATAM,30,199,17,0,1,CreditCard,1,0,0
Mid-Market,LATAM,15,49,14,3,0,CreditCard,0,0,1
Mid-Market,NA,18,79,24,2,1,CreditCard,0,0,0
Mid-Market,APAC,23,79,17,1,0,CreditCard,0,0,0
Mid-Market,APAC,43,199,20,2,1,CreditCard,1,0,0
SMB,EMEA,26,49,19,0,1,ACH,1,1,0
Enterprise,NA,25,129,15,2,1,CreditCard,0,0,0
SMB,LATAM,19,79,32,3,0,CreditCard,0,1,1
Enterprise,LATAM,43,129,18,1,1,CreditCard,1,0,0
Enterprise,NA,24,199,20,1,2,CreditCard,1,0,0
SMB,LATAM,34,129,19,1,0,CreditCard,1,0,0
Mid-Market,NA,14,129,14,0,1,Invoice,1,1,0
SMB,LATAM,22,79,15,3,0,ACH,0,0,0
Enterprise,LATAM,63,199,15,3,0,Invoice,1,0,0
Enterprise,NA,24,129,20,2,2,CreditCard,1,0,0
Mid-Market,NA,19,79,23,1,2,Invoice,1,0,0
SMB,LATAM,34,129,20,2,1,ACH,0,0,0
Enterprise,LATAM,20,79,22,8,2,ACH,1,0,1
SMB,EMEA,20,199,25,2,1,CreditCard,1,0,0
Mid-Market,APAC,10,49,16,1,1,CreditCard,1,0,0
Mid-Market,NA,8,79,21,3,1,Invoice,1,0,0
Enterprise,NA,27,79,18,4,1,ACH,1,0,0
Mid-Market,APAC,18,129,18,1,1,ACH,1,0,0
Enterprise,EMEA,29,199,20,0,0,CreditCard,0,0,0
Enterprise,LATAM,26,29,15,0,0,CreditCard,0,0,0
Mid-Market,LATAM,23,29,18,2,1,Invoice,1,0,1
Mid-Market,EMEA,6,49,28,1,1,CreditCard,1,1,0
SMB,EMEA,20,199,26,0,1,ACH,0,0,0
SMB,APAC,16,79,26,1,1,CreditCard,1,0,0
Enterprise,APAC,15,29,23,4,3,ACH,0,0,1
SMB,LATAM,11,49,25,3,0,CreditCard,1,0,0
Enterprise,EMEA,22,199,27,1,0,CreditCard,1,0,0
Mid-Market,EMEA,43,49,23,3,0,CreditCard,0,0,0
Mid-Market,LATAM,51,29,28,0,0,ACH,0,0,0
SMB,LATAM,15,129,14,2,1,CreditCard,0,0,0
Enterprise,LATAM,32,129,11,2,3,ACH,1,0,0
Enterprise,LATAM,38,199,16,3,0,CreditCard,1,0,0
SMB,LATAM,17,49,19,0,0,Invoice,0,1,0
Enterprise,APAC,30,79,15,2,1,CreditCard,1,0,1
Enterprise,LATAM,35,29,19,1,0,CreditCard,1,0,0
Mid-Market,EMEA,11,129,26,1,3,Invoice,0,0,0
Enterprise,NA,27,129,20,0,2,ACH,1,0,0
Enterprise,APAC,14,49,18,0,0,ACH,1,1,0
Enterprise,EMEA,28,129,18,4,2,CreditCard,0,0,0
SMB,NA,23,49,19,1,0,Invoice,1,0,0
SMB,APAC,10,29,19,2,3,ACH,0,0,0
SMB,LATAM,17,49,25,3,0,ACH,1,1,0
Enterprise,APAC,16,129,23,2,0,Invoice,0,1,0
Enterprise,LATAM,35,49,14,3,2,ACH,0,0,0
SMB,LATAM,22,129,22,0,2,CreditCard,1,0,0
SMB,LATAM,15,199,17,3,0,CreditCard,1,0,0
Enterprise,NA,29,129,25,2,0,ACH,0,1,0
Enterprise,APAC,20,129,20,2,1,ACH,1,0,0
Mid-Market,LATAM,25,129,15,3,2,ACH,1,0,0
SMB,EMEA,21,199,24,0,0,CreditCard,0,1,0
Enterprise,APAC,50,79,19,0,1,Invoice,1,0,0
SMB,EMEA,25,129,28,0,1,ACH,1,0,0
SMB,NA,30,79,16,0,0,CreditCard,1,0,0
SMB,NA,35,29,18,1,1,CreditCard,1,1,0
Mid-Market,APAC,22,49,21,1,0,Invoice,1,0,0
Enterprise,NA,38,79,15,2,0,CreditCard,1,0,0
Enterprise,NA,32,29,24,0,1,CreditCard,1,0,0
SMB,APAC,8,49,28,1,0,CreditCard,0,0,1
Enterprise,EMEA,16,129,22,2,1,CreditCard,1,1,0
Mid-Market,LATAM,22,129,20,1,1,CreditCard,1,0,0
SMB,APAC,23,129,24,1,0,Invoice,1,0,0
Mid-Market,APAC,17,199,14,1,1,CreditCard,1,0,0
Mid-Market,LATAM,27,199,23,2,1,Invoice,1,0,1
Enterprise,EMEA,20,199,13,0,0,CreditCard,0,0,0
Enterprise,LATAM,22,199,10,2,1,Invoice,1,0,0
Mid-Market,LATAM,19,29,27,2,0,CreditCard,0,0,0
Enterprise,EMEA,20,29,17,1,0,ACH,1,0,0
Mid-Market,EMEA,14,129,21,2,2,CreditCard,1,1,1
Mid-Market,LATAM,26,49,18,3,0,CreditCard,0,0,0
SMB,LATAM,28,199,18,2,0,CreditCard,1,0,0
Mid-Market,APAC,12,49,18,0,0,ACH,0,0,0
Mid-Market,EMEA,17,29,20,1,0,CreditCard,1,0,0
Enterprise,NA,23,199,23,0,0,Invoice,1,1,0
SMB,EMEA,42,29,17,0,1,CreditCard,1,0,0
Enterprise,LATAM,14,29,17,3,2,CreditCard,1,0,0
SMB,LATAM,20,79,24,2,0,CreditCard,1,1,0
Enterprise,LATAM,18,29,15,3,2,ACH,1,0,0
Mid-Market,LATAM,25,129,25,3,0,CreditCard,1,0,0
SMB,NA,14,29,22,0,1,CreditCard,1,0,1
SMB,EMEA,17,199,20,2,0,ACH,1,0,0
SMB,NA,49,129,23,1,3,CreditCard,1,0,0
SMB,NA,9,29,24,3,1,ACH,1,1,1
Enterprise,LATAM,22,129,21,2,1,CreditCard,1,0,1
Enterprise,NA,22,29,22,1,1,ACH,0,0,0
SMB,LATAM,19,129,19,1,0,Invoice,1,1,0
SMB,LATAM,35,49,22,2,0,CreditCard,1,0,0
SMB,LATAM,24,79,15,1,1,CreditCard,1,0,1
Enterprise,NA,43,129,17,2,1,Invoice,1,1,0
SMB,LATAM,10,199,24,0,1,ACH,1,0,0
SMB,NA,27,79,18,2,0,CreditCard,0,0,0
SMB,EMEA,25,79,27,1,1,ACH,0,1,0
Enterprise,LATAM,28,29,11,2,1,CreditCard,1,0,0
Mid-Market,APAC,33,129,21,0,0,Invoice,1,0,0
Mid-Market,APAC,39,79,17,1,0,ACH,0,0,0
Enterprise,APAC,47,199,23,0,0,ACH,0,0,0
Mid-Market,APAC,13,199,21,2,0,Invoice,1,1,0
SMB,APAC,27,199,15,2,0,ACH,1,0,0
SMB,NA,35,29,20,3,1,CreditCard,1,0,0
Enterprise,EMEA,22,49,26,0,1,Invoice,1,0,0
Enterprise,NA,15,129,13,0,2,CreditCard,0,0,0
Mid-Market,LATAM,15,79,17,0,0,CreditCard,1,0,0
Mid-Market,EMEA,17,129,26,1,1,CreditCard,0,0,0
SMB,EMEA,26,79,27,0,0,Invoice,1,0,0
Enterprise,EMEA,17,29,22,3,1,ACH,0,0,0
Mid-Market,EMEA,23,129,15,4,2,CreditCard,1,0,1
Mid-Market,APAC,11,29,21,2,0,CreditCard,1,0,0
SMB,LATAM,11,29,23,1,0,CreditCard,1,0,1
SMB,EMEA,29,129,21,1,0,CreditCard,1,0,0
SMB,EMEA,6,129,20,1,1,Invoice,0,0,0
SMB,APAC,40,79,19,2,0,ACH,0,0,0
Mid-Market,NA,26,199,31,1,0,Invoice,1,0,0
Enterprise,NA,12,29,27,1,1,CreditCard,1,0,0
Enterprise,NA,26,49,22,1,2,ACH,0,0,0
SMB,LATAM,19,79,19,1,0,CreditCard,0,0,0
SMB,NA,15,79,30,1,2,Invoice,1,0,0
Mid-Market,EMEA,36,199,30,4,0,Invoice,1,0,0
SMB,APAC,28,199,14,0,1,Invoice,0,0,0
Enterprise,APAC,17,29,16,1,0,ACH,1,0,0
SMB,NA,16,79,24,1,1,CreditCard,1,0,1
Enterprise,APAC,45,79,23,2,1,ACH,0,0,1
SMB,EMEA,26,49,14,1,0,CreditCard,1,0,0
SMB,NA,23,29,23,0,1,CreditCard,1,0,0
Enterprise,EMEA,16,29,16,2,1,CreditCard,1,1,0
Mid-Market,LATAM,16,199,12,2,0,CreditCard,1,0,0
Mid-Market,EMEA,50,29,14,1,0,ACH,0,0,0
SMB,EMEA,30,49,21,2,1,CreditCard,1,0,0
SMB,EMEA,22,29,26,2,0,CreditCard,1,0,0
Enterprise,EMEA,12,129,28,1,0,CreditCard,1,0,0
Enterprise,LATAM,18,129,23,1,1,ACH,1,1,0
SMB,NA,26,49,27,1,2,ACH,1,1,0
Enterprise,EMEA,35,199,15,1,0,CreditCard,0,0,0
Mid-Market,NA,24,79,32,1,1,ACH,1,0,0
Mid-Market,APAC,35,29,18,1,1,ACH,1,0,0
Enterprise,EMEA,24,199,16,1,0,CreditCard,1,0,0
Enterprise,EMEA,34,199,20,1,1,ACH,0,1,0
Enterprise,APAC,20,29,16,1,0,CreditCard,1,0,0
Mid-Market,NA,34,79,23,0,2,CreditCard,0,0,0
SMB,LATAM,18,29,16,1,3,ACH,1,0,0
Enterprise,EMEA,30,79,17,2,2,CreditCard,1,0,0
Enterprise,APAC,25,49,20,4,1,CreditCard,0,1,0
Enterprise,APAC,8,79,16,3,0,ACH,1,1,0
SMB,EMEA,16,199,25,2,1,ACH,1,1,1
Enterprise,NA,11,49,23,4,2,CreditCard,1,0,0
Enterprise,NA,57,129,26,2,0,ACH,1,0,0
Mid-Market,EMEA,28,49,21,3,1,CreditCard,1,0,0
Enterprise,APAC,18,79,21,0,1,CreditCard,1,0,0
Mid-Market,EMEA,12,49,16,0,1,ACH,1,1,0
SMB,LATAM,23,49,30,1,0,ACH,1,0,0
Enterprise,LATAM,28,129,23,1,0,CreditCard,1,1,0
Enterprise,NA,18,79,17,0,0,Invoice,1,0,0
Mid-Market,LATAM,25,199,16,1,1,Invoice,0,0,0
SMB,APAC,36,49,26,3,2,Invoice,1,0,0
SMB,LATAM,15,29,19,1,1,CreditCard,1,0,0
Mid-Market,EMEA,18,199,23,3,1,Invoice,1,0,0
SMB,APAC,11,49,20,1,0,Invoice,1,0,0
SMB,NA,37,199,18,4,0,Invoice,1,0,0
SMB,NA,6,29,15,2,2,Invoice,1,0,0
SMB,LATAM,19,199,13,3,0,CreditCard,1,1,1
SMB,NA,43,199,26,0,1,CreditCard,1,0,0
SMB,EMEA,7,29,22,2,1,CreditCard,0,1,0
SMB,APAC,26,29,34,3,0,CreditCard,0,0,0
SMB,EMEA,29,29,24,3,3,Invoice,0,0,0
Enterprise,EMEA,28,129,22,2,1,ACH,0,1,0
Mid-Market,EMEA,32,29,16,2,0,ACH,1,0,0
SMB,EMEA,25,199,22,1,1,CreditCard,1,0,1
Mid-Market,APAC,24,29,26,0,1,CreditCard,1,1,0
SMB,APAC,11,49,20,0,2,CreditCard,1,0,1
SMB,EMEA,22,29,23,2,0,ACH,1,0,1
Enterprise,EMEA,24,29,20,2,2,ACH,1,0,0
Mid-Market,NA,17,79,16,2,1,Invoice,1,0,1
Mid-Market,NA,15,199,18,2,2,CreditCard,1,0,0
Enterprise,APAC,28,199,24,3,1,Invoice,1,0,0
Enterprise,NA,31,49,18,1,1,CreditCard,1,0,0
Mid-Market,APAC,16,129,27,3,0,CreditCard,1,0,0
SMB,APAC,20,79,23,2,0,CreditCard,1,1,0
SMB,LATAM,26,49,17,0,1,CreditCard,0,0,1
Mid-Market,APAC,17,49,15,1,0,Invoice,1,0,0
SMB,NA,22,199,18,1,0,Invoice,1,1,0
Enterprise,LATAM,25,79,16,2,0,CreditCard,1,0,0
Enterprise,NA,46,199,23,2,0,CreditCard,0,0,0
Enterprise,APAC,21,129,19,1,1,CreditCard,1,0,0
Mid-Market,APAC,10,199,19,0,1,CreditCard,1,0,1
Mid-Market,EMEA,11,29,23,0,0,ACH,0,0,0
Mid-Market,APAC,17,199,19,2,0,ACH,1,0,0
SMB,LATAM,19,29,16,2,1,CreditCard,1,1,0
Mid-Market,APAC,35,49,21,3,1,CreditCard,1,1,0
Mid-Market,EMEA,51,129,27,1,0,CreditCard,0,0,0
Enterprise,APAC,21,29,22,1,0,CreditCard,1,0,0
SMB,APAC,28,129,26,1,0,ACH,1,1,1
SMB,APAC,39,199,19,0,2,Invoice,1,0,1
Enterprise,EMEA,30,199,23,0,1,CreditCard,1,0,0
SMB,NA,20,49,18,0,1,CreditCard,1,0,0
Mid-Market,APAC,22,199,23,0,0,CreditCard,1,0,0
SMB,LATAM,23,29,18,2,1,CreditCard,1,1,0
Enterprise,EMEA,40,49,26,4,2,CreditCard,1,0,1
SMB,LATAM,34,129,23,4,4,Invoice,1,0,0
Enterprise,APAC,33,49,16,1,0,Invoice,1,0,0
Mid-Market,EMEA,27,129,11,3,1,CreditCard,0,1,1
Mid-Market,APAC,25,79,15,1,0,CreditCard,1,0,0
Enterprise,LATAM,21,29,22,3,0,CreditCard,1,0,0
Mid-Market,EMEA,13,29,14,2,1,CreditCard,0,0,0
Mid-Market,NA,30,129,22,2,1,ACH,1,0,0
SMB,NA,18,199,22,3,0,ACH,1,1,0
Mid-Market,NA,32,199,21,0,0,CreditCard,1,0,0
Enterprise,APAC,9,79,21,2,0,Invoice,1,0,0
Mid-Market,EMEA,14,129,15,1,0,ACH,0,1,0
SMB,LATAM,34,79,15,0,0,CreditCard,1,0,0
Enterprise,LATAM,40,129,17,0,0,CreditCard,1,0,0
Mid-Market,APAC,32,79,15,1,2,CreditCard,0,1,0
Mid-Market,APAC,15,129,21,1,0,ACH,1,0,0
Mid-Market,LATAM,35,29,20,1,0,ACH,1,1,0
Enterprise,EMEA,16,79,21,2,1,Invoice,1,0,1
SMB,APAC,35,79,26,3,0,Invoice,1,0,0
Enterprise,EMEA,14,129,16,2,0,Invoice,1,0,0
Enterprise,LATAM,19,49,24,0,1,CreditCard,1,1,0
SMB,EMEA,6,49,23,1,0,ACH,1,0,1
Enterprise,NA,14,29,21,1,0,ACH,1,0,0
Enterprise,LATAM,30,199,28,4,2,CreditCard,0,0,0
Mid-Market,NA,48,199,25,0,0,CreditCard,1,0,0
Enterprise,LATAM,36,29,23,2,1,CreditCard,1,0,1
Mid-Market,NA,31,199,17,4,0,CreditCard,1,0,0
Enterprise,EMEA,11,129,13,4,0,Invoice,1,1,0
Mid-Market,LATAM,19,49,20,2,0,CreditCard,1,1,0
Mid-Market,LATAM,43,29,17,1,1,ACH,0,0,1
Mid-Market,NA,23,129,20,2,1,CreditCard,1,0,0
SMB,EMEA,13,29,20,0,2,Invoice,1,0,0
Enterprise,LATAM,19,49,22,1,0,ACH,1,1,0
Enterprise,APAC,8,199,23,2,3,Invoice,1,0,0
Enterprise,NA,33,129,18,1,0,CreditCard,1,0,0
SMB,LATAM,12,49,17,1,0,Invoice,0,0,0
Mid-Market,EMEA,23,29,18,0,0,CreditCard,1,1,0
Enterprise,EMEA,13,79,18,0,2,ACH,1,0,0
SMB,EMEA,24,129,21,3,1,CreditCard,1,1,0
SMB,EMEA,32,29,16,2,0,ACH,1,0,0
Enterprise,NA,18,29,19,2,1,Invoice,1,0,1
Mid-Market,LATAM,38,49,19,1,0,ACH,1,0,1
SMB,NA,30,29,17,2,0,ACH,0,0,0
Enterprise,NA,28,129,15,4,0,CreditCard,1,0,0
Mid-Market,EMEA,38,129,29,0,0,CreditCard,0,0,0
SMB,APAC,25,29,23,4,0,CreditCard,1,0,0
SMB,EMEA,19,49,22,1,0,CreditCard,0,0,0
Enterprise,APAC,27,129,24,1,1,Invoice,1,0,0
Enterprise,NA,13,79,24,1,1,Invoice,1,0,1
Mid-Market,EMEA,33,199,22,0,2,Invoice,0,0,0
Enterprise,EMEA,33,49,17,3,0,CreditCard,1,0,0
Enterprise,NA,21,49,21,0,0,CreditCard,1,0,1
Mid-Market,EMEA,17,199,23,3,2,ACH,1,0,0
Enterprise,LATAM,25,199,19,1,1,ACH,1,0,0
Mid-Market,APAC,12,129,22,2,2,CreditCard,1,0,0
Mid-Market,APAC,19,29,17,2,1,Invoice,1,0,0
Mid-Market,APAC,37,29,18,0,0,CreditCard,1,1,0
Enterprise,EMEA,14,79,15,1,0,CreditCard,1,0,0
Mid-Market,LATAM,39,29,28,1,0,Invoice,1,0,0
Enterprise,EMEA,27,79,17,1,0,Invoice,0,0,0
Mid-Market,APAC,29,79,20,2,1,ACH,1,0,0
Enterprise,EMEA,18,49,23,1,0,CreditCard,1,0,0
Mid-Market,APAC,15,49,18,0,0,CreditCard,1,0,0
SMB,NA,20,129,16,3,0,CreditCard,1,0,1
SMB,APAC,44,199,23,1,1,Invoice,1,0,0
SMB,NA,17,199,16,2,1,CreditCard,1,1,1
Mid-Market,NA,7,79,20,3,2,Invoice,1,0,0
Enterprise,NA,24,199,16,0,0,Invoice,0,1,0
Mid-Market,APAC,36,79,20,1,1,Invoice,1,0,0
Mid-Market,LATAM,25,199,17,3,0,CreditCard,1,1,0
Mid-Market,APAC,45,129,14,2,0,CreditCard,1,0,0
Mid-Market,EMEA,30,49,18,1,1,ACH,1,0,0
Enterprise,EMEA,25,49,15,1,2,Invoice,1,0,1
Mid-Market,LATAM,20,79,22,2,0,Invoice,1,1,0
SMB,LATAM,28,199,22,2,2,CreditCard,0,0,0
SMB,LATAM,11,29,16,5,1,ACH,0,0,0
SMB,NA,44,129,24,2,1,CreditCard,0,0,0
Mid-Market,LATAM,32,199,22,6,0,CreditCard,1,0,0
Enterprise,LATAM,32,29,26,0,0,ACH,1,1,0
Enterprise,LATAM,22,129,25,0,0,CreditCard,1,0,0
Enterprise,APAC,39,129,23,0,1,CreditCard,1,0,0
Mid-Market,EMEA,21,49,21,2,2,CreditCard,0,0,0
Enterprise,EMEA,18,79,19,3,2,CreditCard,1,0,0
SMB,LATAM,23,199,23,1,0,CreditCard,1,0,0
Enterprise,EMEA,32,129,22,2,1,CreditCard,1,0,0
Mid-Market,APAC,17,199,24,2,0,CreditCard,0,0,0
Mid-Market,EMEA,15,129,20,1,2,Invoice,1,0,0
Enterprise,NA,15,49,19,2,1,Invoice,1,0,0
Mid-Market,APAC,19,79,26,3,1,Invoice,0,1,0
Enterprise,EMEA,34,29,17,1,0,CreditCard,0,0,0
Enterprise,EMEA,25,29,22,2,0,CreditCard,0,0,0
SMB,APAC,13,49,22,1,2,Invoice,1,0,1
Mid-Market,EMEA,54,129,25,1,0,CreditCard,0,1,0
SMB,EMEA,12,49,23,1,0,CreditCard,1,0,0
Mid-Market,LATAM,19,79,24,3,0,CreditCard,1,0,0
Enterprise,NA,15,29,17,2,0,CreditCard,1,0,0
Mid-Market,APAC,17,199,29,3,2,Invoice,1,0,1
Enterprise,LATAM,23,29,13,1,1,Invoice,1,0,0
Mid-Market,EMEA,21,79,27,3,1,Invoice,1,1,0
SMB,APAC,16,129,22,1,0,Invoice,1,0,0
SMB,APAC,26,49,15,2,0,ACH,1,0,0
Enterprise,NA,28,29,16,1,1,CreditCard,1,0,0
SMB,NA,30,29,27,0,0,CreditCard,1,0,0
Enterprise,APAC,24,199,28,3,1,ACH,1,0,0
Enterprise,NA,27,49,19,2,0,CreditCard,1,1,0
Enterprise,NA,29,199,19,2,1,Invoice,0,0,0
Mid-Market,EMEA,17,199,23,0,2,CreditCard,1,0,0
Enterprise,NA,49,129,25,3,0,ACH,1,0,0
SMB,NA,43,29,24,0,1,ACH,1,0,0
Mid-Market,LATAM,32,49,31,1,1,CreditCard,0,1,0
SMB,EMEA,20,129,24,2,2,ACH,0,0,0
Enterprise,EMEA,9,129,20,2,0,Invoice,0,0,0
Enterprise,APAC,10,129,9,1,0,ACH,0,0,0
SMB,NA,20,79,31,2,1,ACH,1,1,1
Mid-Market,LATAM,43,79,15,3,1,CreditCard,0,1,0
SMB,LATAM,21,129,21,0,0,Invoice,1,0,1
Enterprise,EMEA,15,79,24,3,0,CreditCard,1,0,0
Mid-Market,NA,15,49,20,0,2,Invoice,1,0,1
Enterprise,LATAM,43,29,16,3,1,Invoice,1,0,1
Enterprise,APAC,20,49,30,1,0,CreditCard,0,1,1
SMB,NA,42,29,15,2,0,Invoice,1,0,1
Enterprise,NA,14,79,21,0,0,Invoice,1,0,0
SMB,NA,16,49,19,1,1,ACH,0,0,0
Mid-Market,LATAM,18,199,10,3,1,ACH,0,0,0
Enterprise,EMEA,28,129,14,2,1,Invoice,1,0,0
Enterprise,EMEA,31,29,21,3,0,CreditCard,1,0,1
Mid-Market,APAC,16,29,24,4,0,Invoice,1,0,1
SMB,LATAM,17,199,13,2,2,ACH,1,0,1
Enterprise,NA,11,199,35,2,1,Invoice,1,0,0
Mid-Market,APAC,11,129,15,4,0,CreditCard,1,0,0
Enterprise,APAC,15,79,27,0,0,CreditCard,1,0,0
SMB,EMEA,40,49,28,0,0,Invoice,1,0,0
SMB,NA,15,49,16,3,2,CreditCard,0,0,0
SMB,NA,24,49,21,1,1,CreditCard,1,0,0
SMB,LATAM,19,79,18,3,0,ACH,0,1,0
Mid-Market,LATAM,14,129,17,2,0,CreditCard,0,0,1
Enterprise,LATAM,29,49,18,1,0,CreditCard,1,0,1
Mid-Market,APAC,18,29,14,1,0,CreditCard,1,0,0
SMB,NA,33,29,28,1,0,CreditCard,0,0,1
SMB,EMEA,33,29,11,1,0,CreditCard,0,0,0
SMB,APAC,18,199,22,4,0,CreditCard,1,1,0
SMB,APAC,31,199,17,1,1,ACH,1,0,1
Enterprise,EMEA,31,79,22,7,3,ACH,0,0,1
SMB,EMEA,20,49,15,4,1,CreditCard,0,0,1
Enterprise,LATAM,19,199,19,0,1,CreditCard,1,0,0
SMB,EMEA,26,29,14,1,0,ACH,1,1,0
Enterprise,EMEA,47,199,22,1,0,CreditCard,0,1,0
Enterprise,EMEA,36,29,14,1,0,CreditCard,1,0,0
SMB,EMEA,23,49,23,0,0,CreditCard,1,0,1
Mid-Market,LATAM,9,79,14,2,1,CreditCard,1,1,0
Mid-Market,APAC,22,129,13,4,1,Invoice,1,0,1
Mid-Market,NA,9,129,19,1,1,ACH,0,0,1
Mid-Market,NA,11,29,19,1,1,CreditCard,1,0,0
Mid-Market,APAC,16,199,28,0,1,CreditCard,1,0,0
SMB,NA,24,199,21,2,1,Invoice,1,0,0
SMB,NA,17,29,20,2,0,CreditCard,1,1,0
SMB,APAC,37,49,20,1,0,CreditCard,1,0,0
SMB,NA,22,29,26,0,0,Invoice,1,0,0
SMB,NA,17,49,17,1,2,CreditCard,1,1,0
SMB,APAC,30,79,25,0,0,ACH,0,0,0
Enterprise,NA,16,79,21,4,0,CreditCard,1,0,0
Enterprise,EMEA,24,29,20,1,0,CreditCard,0,0,0
SMB,APAC,7,79,27,2,2,ACH,0,0,0
SMB,LATAM,16,199,29,2,2,CreditCard,1,0,1
Enterprise,NA,36,49,19,1,1,CreditCard,1,0,1
Enterprise,LATAM,27,129,18,1,2,Invoice,1,0,0
SMB,NA,25,129,19,1,2,CreditCard,1,0,0
Enterprise,EMEA,29,79,23,3,1,ACH,0,0,0
Mid-Market,APAC,36,49,24,4,2,CreditCard,1,0,0
Mid-Market,LATAM,22,199,17,0,2,Invoice,1,0,0
Mid-Market,APAC,18,129,21,0,0,Invoice,0,1,0
Enterprise,LATAM,31,199,19,5,0,CreditCard,0,0,1
SMB,NA,21,199,21,0,0,ACH,1,0,0
SMB,EMEA,18,129,16,4,0,ACH,1,0,0
SMB,LATAM,20,129,20,0,1,CreditCard,1,0,0
Enterprise,LATAM,27,79,20,3,1,ACH,1,0,0
Enterprise,EMEA,10,49,17,0,0,Invoice,1,0,0
Mid-Market,EMEA,27,29,18,2,1,CreditCard,1,0,1
Enterprise,EMEA,14,49,35,4,3,Invoice,1,0,0
Mid-Market,EMEA,17,29,18,1,0,CreditCard,0,0,0
Mid-Market,EMEA,12,129,20,1,0,ACH,0,0,0
SMB,APAC,30,199,24,0,0,CreditCard,1,0,0
Enterprise,NA,25,49,18,2,1,CreditCard,1,0,0
SMB,NA,14,199,23,0,1,CreditCard,1,0,0
SMB,LATAM,32,49,19,1,0,CreditCard,0,0,0
Enterprise,EMEA,11,49,15,2,1,ACH,1,0,1
Enterprise,APAC,19,199,19,1,0,CreditCard,0,1,0
Mid-Market,APAC,12,79,14,1,0,CreditCard,0,0,0
Mid-Market,LATAM,21,129,28,1,1,CreditCard,0,0,0
Mid-Market,EMEA,18,79,23,3,1,CreditCard,1,0,0
Mid-Market,NA,13,79,17,1,0,ACH,1,1,0
SMB,EMEA,23,49,29,0,0,CreditCard,1,1,1
SMB,APAC,14,129,11,1,0,ACH,0,0,0
Enterprise,EMEA,8,49,13,1,1,CreditCard,1,0,0
Mid-Market,NA,11,29,15,0,1,Invoice,1,1,0
Mid-Market,NA,19,49,25,0,0,CreditCard,0,0,0
Mid-Market,LATAM,20,199,20,2,2,ACH,1,1,1
SMB,APAC,16,49,29,1,0,CreditCard,1,0,0
Enterprise,EMEA,39,29,19,1,1,CreditCard,1,0,0
SMB,EMEA,26,49,24,2,5,ACH,0,1,1
Enterprise,LATAM,27,29,21,3,1,ACH,1,0,0
Enterprise,LATAM,15,129,19,1,0,CreditCard,0,0,0
SMB,LATAM,14,49,17,2,2,Invoice,0,1,0
SMB,APAC,24,29,27,0,0,ACH,1,1,0
Enterprise,EMEA,20,129,20,0,1,CreditCard,1,0,0
SMB,LATAM,25,199,15,2,1,CreditCard,1,0,1
SMB,APAC,20,79,20,0,2,CreditCard,1,0,1
Enterprise,EMEA,30,29,25,1,0,CreditCard,1,0,0
Enterprise,NA,23,199,24,2,0,CreditCard,1,0,1
Mid-Market,LATAM,21,129,16,0,0,CreditCard,1,0,0
SMB,APAC,27,199,21,2,0,CreditCard,1,0,0
Enterprise,EMEA,41,49,15,1,1,CreditCard,1,0,0
SMB,EMEA,29,79,19,2,0,CreditCard,1,0,0
SMB,LATAM,13,29,14,1,0,CreditCard,1,0,0
Enterprise,LATAM,21,129,17,0,2,CreditCard,0,0,0
Mid-Market,EMEA,21,79,19,2,0,ACH,1,0,0
Enterprise,APAC,25,129,23,1,0,CreditCard,0,0,0
Enterprise,NA,19,199,14,1,1,ACH,0,0,0
SMB,EMEA,22,129,21,1,3,Invoice,1,0,0
Mid-Market,APAC,23,129,12,1,2,CreditCard,1,0,0
Enterprise,LATAM,25,199,17,2,0,CreditCard,1,0,0
SMB,EMEA,12,199,19,1,1,ACH,1,0,0
Enterprise,LATAM,13,79,17,2,2,CreditCard,1,0,0
SMB,NA,7,29,10,0,0,CreditCard,1,0,0
Enterprise,LATAM,47,199,22,5,1,CreditCard,1,0,0
Mid-Market,NA,9,79,14,0,0,CreditCard,1,0,0
Enterprise,LATAM,23,129,17,3,0,CreditCard,0,0,0
SMB,LATAM,29,129,20,3,2,Invoice,1,1,0
Enterprise,NA,14,49,21,2,0,CreditCard,0,1,0
Mid-Market,LATAM,36,199,24,4,0,ACH,1,0,0
Mid-Market,APAC,23,79,15,4,0,CreditCard,1,0,0
Mid-Market,LATAM,42,79,23,2,1,CreditCard,1,0,0
Mid-Market,EMEA,15,29,18,1,1,CreditCard,0,0,1
SMB,LATAM,21,79,26,4,0,Invoice,1,1,0
Enterprise,APAC,18,199,25,0,1,CreditCard,1,0,0
Mid-Market,EMEA,17,79,27,2,0,CreditCard,0,0,0
Enterprise,APAC,17,49,28,1,1,CreditCard,1,1,0
SMB,EMEA,19,129,24,1,0,CreditCard,1,0,0
Enterprise,LATAM,19,129,15,0,0,CreditCard,1,0,0
Enterprise,APAC,31,79,18,1,0,ACH,0,0,0
Mid-Market,LATAM,30,79,16,1,1,CreditCard,1,0,0
Mid-Market,EMEA,11,79,19,0,0,CreditCard,0,0,0
SMB,APAC,17,79,19,5,1,Invoice,1,0,1
Enterprise,NA,26,49,21,2,1,ACH,0,1,0
SMB,APAC,25,199,20,3,0,CreditCard,1,0,1
SMB,LATAM,20,49,11,4,0,ACH,1,0,1
SMB,NA,22,49,19,0,0,CreditCard,1,1,0
Mid-Market,NA,19,49,20,0,0,ACH,0,0,0
Mid-Market,EMEA,32,129,17,1,0,CreditCard,0,0,0
Enterprise,NA,30,49,17,0,1,ACH,0,0,0
Enterprise,NA,20,79,20,0,0,ACH,1,0,0
Enterprise,EMEA,22,49,10,1,0,CreditCard,0,0,0
Mid-Market,APAC,20,79,23,0,1,CreditCard,0,0,1
Mid-Market,LATAM,21,199,16,1,0,CreditCard,0,0,0
SMB,APAC,34,129,18,2,1,CreditCard,1,0,1
Mid-Market,NA,19,199,25,1,0,ACH,1,0,0
SMB,LATAM,17,199,27,3,0,CreditCard,1,0,0
SMB,APAC,22,129,16,0,0,CreditCard,1,0,0
Mid-Market,LATAM,48,79,22,2,1,ACH,0,0,0
SMB,NA,20,79,23,2,0,Invoice,1,1,1
SMB,APAC,16,79,15,2,0,CreditCard,1,0,1
Enterprise,LATAM,29,129,16,0,1,Invoice,1,0,0
SMB,LATAM,30,49,17,1,1,CreditCard,1,0,0
Mid-Market,APAC,23,29,20,1,1,ACH,1,0,0
Mid-Market,APAC,17,49,21,4,0,Invoice,0,0,1
SMB,NA,32,49,27,1,0,ACH,0,0,0
Enterprise,EMEA,13,199,20,1,0,Invoice,0,1,0
Mid-Market,LATAM,7,29,21,4,0,CreditCard,0,0,0
Mid-Market,APAC,20,79,19,1,0,CreditCard,0,0,0
Enterprise,APAC,46,49,13,3,0,CreditCard,0,0,1
SMB,APAC,24,129,10,1,0,Invoice,0,1,0
Mid-Market,LATAM,19,49,19,1,0,Invoice,0,0,0
SMB,NA,27,79,13,3,1,CreditCard,0,1,0
SMB,EMEA,27,49,25,1,0,CreditCard,0,0,0
SMB,LATAM,35,199,22,1,1,Invoice,1,0,0
SMB,NA,16,199,23,2,3,CreditCard,1,1,0
Mid-Market,LATAM,27,49,24,3,1,ACH,1,0,1
Enterprise,LATAM,22,199,16,3,1,Invoice,1,1,1
Mid-Market,APAC,23,129,23,0,1,CreditCard,1,0,0
Enterprise,NA,21,29,17,2,0,CreditCard,1,0,0
SMB,APAC,21,49,21,2,1,Invoice,0,0,0
Enterprise,APAC,11,129,20,6,1,CreditCard,1,0,0
SMB,NA,18,129,26,0,0,CreditCard,1,0,0
Mid-Market,APAC,21,129,27,1,2,CreditCard,1,0,0
Mid-Market,APAC,26,79,23,0,0,CreditCard,0,0,0
Enterprise,EMEA,23,49,23,4,1,CreditCard,1,0,1
SMB,NA,23,49,18,0,0,ACH,0,1,0
SMB,NA,28,49,18,1,2,Invoice,1,0,0
Enterprise,APAC,38,29,22,1,0,CreditCard,0,0,0
SMB,APAC,20,129,24,1,1,ACH,1,0,0
SMB,NA,15,49,19,3,1,CreditCard,0,1,0
SMB,NA,32,199,24,4,1,CreditCard,1,0,0
Mid-Market,LATAM,27,79,19,1,1,CreditCard,0,0,1
Mid-Market,NA,20,29,17,0,1,Invoice,1,0,1
Mid-Market,LATAM,8,79,12,1,1,Invoice,1,1,1
SMB,APAC,32,129,23,5,4,CreditCard,1,0,0
Mid-Market,EMEA,15,199,12,3,0,CreditCard,0,0,0
SMB,EMEA,20,129,18,1,0,Invoice,1,0,0
SMB,LATAM,19,49,25,3,0,CreditCard,1,0,1
Enterprise,APAC,33,79,18,1,0,ACH,1,0,0
SMB,APAC,25,199,27,1,1,CreditCard,1,0,0
Mid-Market,APAC,13,79,17,2,1,ACH,0,0,1
Mid-Market,NA,52,29,19,3,0,CreditCard,0,0,0
SMB,APAC,27,199,22,0,1,CreditCard,1,1,0
Mid-Market,NA,17,29,21,0,0,Invoice,1,0,0
SMB,LATAM,37,199,24,0,0,CreditCard,1,0,0
Enterprise,EMEA,22,49,28,3,2,CreditCard,1,0,0
SMB,LATAM,21,79,15,2,0,CreditCard,1,1,0
SMB,APAC,21,79,26,0,1,CreditCard,1,0,0
Enterprise,APAC,22,129,27,1,1,CreditCard,1,1,0
Mid-Market,LATAM,22,199,22,6,1,CreditCard,1,0,0
Enterprise,NA,21,199,18,1,0,CreditCard,1,0,0
Enterprise,NA,18,29,21,2,0,Invoice,1,0,0
SMB,NA,16,199,15,0,1,CreditCard,1,1,1
SMB,EMEA,24,79,23,3,1,CreditCard,1,1,0
Enterprise,EMEA,16,199,20,1,0,ACH,1,1,0
Mid-Market,APAC,25,129,17,2,1,ACH,1,0,0
Enterprise,LATAM,36,129,16,4,3,CreditCard,0,0,0
Mid-Market,LATAM,22,79,18,0,4,CreditCard,1,0,0
Enterprise,APAC,24,79,23,1,1,CreditCard,0,0,0
Enterprise,NA,33,79,15,1,0,CreditCard,1,0,0
Mid-Market,EMEA,20,199,35,1,1,Invoice,1,0,0
Enterprise,LATAM,17,199,27,0,2,ACH,0,0,0
SMB,APAC,7,49,15,1,0,ACH,1,0,0
Enterprise,NA,23,29,23,1,0,CreditCard,1,0,0
SMB,NA,17,199,24,1,0,ACH,1,1,0
Mid-Market,EMEA,20,49,20,0,0,CreditCard,0,0,0
Mid-Market,EMEA,8,49,15,0,2,CreditCard,1,1,0
SMB,APAC,20,129,11,2,0,CreditCard,1,0,1
Enterprise,APAC,14,199,14,0,1,Invoice,0,0,0
SMB,NA,13,49,17,2,1,ACH,1,1,0
SMB,NA,14,129,27,1,0,CreditCard,1,0,1
Mid-Market,LATAM,14,29,14,0,1,CreditCard,0,0,0
SMB,NA,31,129,23,1,0,CreditCard,1,0,0
Enterprise,APAC,34,29,33,3,1,ACH,1,0,0
SMB,EMEA,23,79,23,2,0,ACH,0,0,0
Mid-Market,APAC,42,79,27,2,2,CreditCard,0,0,1
Enterprise,LATAM,19,129,19,1,1,Invoice,1,1,0
Mid-Market,LATAM,6,79,25,1,2,Invoice,1,1,0
SMB,EMEA,15,199,13,1,0,Invoice,1,0,0
SMB,APAC,22,129,16,1,1,CreditCard,1,0,0
Mid-Market,LATAM,15,49,23,1,2,CreditCard,1,1,0
Mid-Market,APAC,22,199,22,4,1,CreditCard,0,0,0
Enterprise,LATAM,28,129,17,1,0,CreditCard,1,0,0
Mid-Market,EMEA,14,29,18,0,1,Invoice,1,0,0
Mid-Market,LATAM,38,79,23,0,0,CreditCard,1,1,0
SMB,APAC,47,79,19,0,1,Invoice,0,0,1
SMB,APAC,44,79,23,2,1,CreditCard,1,0,0
Mid-Market,LATAM,9,129,17,3,0,CreditCard,1,0,1
Mid-Market,NA,18,199,13,0,0,CreditCard,0,0,0
SMB,EMEA,25,29,17,0,0,CreditCard,1,0,1
Enterprise,EMEA,12,79,16,1,1,CreditCard,1,0,0
Enterprise,LATAM,12,199,26,3,1,Invoice,0,0,0
Enterprise,LATAM,9,49,18,1,1,ACH,1,0,0
Enterprise,NA,22,49,13,2,1,CreditCard,1,0,0
SMB,EMEA,25,29,14,1,0,Invoice,0,0,0
Mid-Market,NA,33,79,14,0,2,CreditCard,1,0,0
Enterprise,EMEA,27,49,22,2,2,CreditCard,0,0,0
SMB,LATAM,29,199,22,3,0,CreditCard,0,0,1
Mid-Market,EMEA,10,199,25,1,1,CreditCard,0,0,0
Enterprise,EMEA,24,49,22,0,0,CreditCard,0,0,0
Mid-Market,EMEA,21,79,21,2,2,Invoice,1,0,0
Enterprise,NA,17,29,20,2,1,Invoice,1,0,0
Mid-Market,NA,19,79,23,1,1,Invoice,1,0,0
Enterprise,EMEA,25,129,24,4,0,ACH,0,0,0
Enterprise,APAC,29,49,18,1,1,ACH,1,0,0
Mid-Market,NA,45,129,24,0,0,CreditCard,1,0,0
Mid-Market,LATAM,26,49,16,2,1,CreditCard,0,0,0
Mid-Market,LATAM,31,29,26,3,0,ACH,1,0,0
SMB,EMEA,30,79,23,3,1,Invoice,1,0,1
SMB,LATAM,34,79,14,2,0,CreditCard,1,0,0
Mid-Market,NA,14,49,15,1,0,CreditCard,0,0,0
SMB,APAC,23,199,24,2,0,CreditCard,1,1,1
Enterprise,APAC,15,129,23,1,1,CreditCard,0,1,0
Mid-Market,APAC,15,79,14,2,2,ACH,0,0,0
SMB,LATAM,26,79,15,1,0,CreditCard,1,1,0
Mid-Market,EMEA,26,49,18,5,0,CreditCard,1,0,0
Enterprise,LATAM,26,199,24,2,1,CreditCard,0,0,0
Enterprise,EMEA,17,129,21,2,1,ACH,0,1,0
SMB,APAC,23,199,23,2,1,CreditCard,1,0,1
Enterprise,NA,20,199,24,1,2,Invoice,1,0,0
Mid-Market,LATAM,26,49,16,1,2,CreditCard,1,0,0
SMB,NA,33,199,15,3,1,CreditCard,0,0,1
Mid-Market,APAC,14,129,21,0,0,CreditCard,1,0,0
Mid-Market,EMEA,22,29,25,2,0,CreditCard,1,0,1
Mid-Market,NA,31,29,20,1,1,CreditCard,1,1,0
Enterprise,LATAM,11,129,19,2,1,CreditCard,1,0,0
Mid-Market,NA,32,49,20,1,0,ACH,0,0,1
Enterprise,NA,8,79,29,0,0,CreditCard,0,1,0
Mid-Market,LATAM,14,49,25,0,0,Invoice,1,0,0
Enterprise,EMEA,21,129,17,2,1,CreditCard,0,0,0
Enterprise,LATAM,19,199,19,2,0,CreditCard,1,0,0
Enterprise,APAC,18,29,20,0,1,CreditCard,0,0,1
Mid-Market,EMEA,43,199,20,0,0,Invoice,1,1,0
Mid-Market,NA,13,49,17,1,1,CreditCard,0,0,0
Enterprise,LATAM,27,129,20,3,0,CreditCard,0,0,1
Mid-Market,APAC,44,29,17,2,0,CreditCard,1,0,0
Enterprise,LATAM,31,129,21,1,0,ACH,1,0,0
Mid-Market,EMEA,25,29,18,3,0,ACH,1,0,0
Enterprise,APAC,24,29,29,0,0,CreditCard,1,0,0
Enterprise,NA,18,29,29,1,0,ACH,1,0,0
SMB,EMEA,18,49,16,2,0,CreditCard,1,0,1
Mid-Market,APAC,12,129,18,2,0,CreditCard,1,1,0
Mid-Market,EMEA,32,79,17,1,0,ACH,1,0,0
SMB,NA,12,79,22,2,0,Invoice,1,0,0
Enterprise,APAC,21,79,13,1,0,ACH,1,0,0
Enterprise,LATAM,19,129,24,1,2,CreditCard,1,0,1
SMB,LATAM,24,199,15,2,2,CreditCard,1,0,0
SMB,NA,28,129,24,0,0,Invoice,1,0,0
Enterprise,APAC,18,29,16,0,0,CreditCard,1,0,0
Mid-Market,NA,14,199,19,0,0,ACH,1,0,0
SMB,NA,16,29,17,0,0,ACH,1,0,0
SMB,EMEA,15,29,20,1,2,ACH,1,0,0
SMB,LATAM,44,129,12,1,1,CreditCard,1,0,0
SMB,NA,36,79,21,1,1,CreditCard,1,0,0
SMB,EMEA,12,199,23,1,0,CreditCard,0,1,0
SMB,NA,19,49,19,2,1,Invoice,1,0,0
Enterprise,NA,14,79,19,1,1,CreditCard,1,0,0
Enterprise,NA,16,49,22,2,2,CreditCard,0,0,0
SMB,LATAM,17,129,19,1,0,ACH,0,0,1
Enterprise,APAC,15,199,13,5,0,CreditCard,1,1,1
Mid-Market,LATAM,31,129,11,2,1,CreditCard,0,1,0
Mid-Market,EMEA,25,49,15,0,0,ACH,1,0,0
SMB,APAC,24,29,17,3,0,Invoice,1,1,0
Mid-Market,EMEA,38,129,15,2,0,CreditCard,0,0,0
Mid-Market,NA,30,199,20,1,0,Invoice,0,0,1
Enterprise,APAC,22,129,33,1,0,CreditCard,1,0,0
Enterprise,EMEA,24,79,23,1,0,ACH,0,1,0
Enterprise,NA,32,129,20,1,1,CreditCard,1,0,0
Enterprise,EMEA,32,49,18,3,0,CreditCard,0,1,0
Mid-Market,EMEA,7,129,21,3,1,CreditCard,1,0,0
SMB,LATAM,26,199,16,0,0,CreditCard,0,0,1
Enterprise,NA,23,129,15,3,0,CreditCard,1,0,0
Mid-Market,LATAM,29,129,16,2,2,Invoice,1,0,0
Enterprise,APAC,9,199,16,0,2,ACH,1,0,0
Mid-Market,NA,34,129,12,1,1,ACH,1,0,0
Enterprise,LATAM,29,199,15,0,1,CreditCard,1,0,0
SMB,LATAM,19,49,24,1,1,Invoice,1,1,0
Enterprise,APAC,42,199,23,0,1,Invoice,1,0,0
SMB,EMEA,13,49,20,1,0,CreditCard,0,0,1
Enterprise,EMEA,24,49,21,1,1,CreditCard,1,0,0
Enterprise,EMEA,17,199,17,0,0,CreditCard,1,0,0
Enterprise,APAC,16,129,18,4,0,CreditCard,0,0,0
Mid-Market,LATAM,21,79,18,2,0,Invoice,1,0,1
Mid-Market,NA,10,199,25,2,0,CreditCard,1,1,0
SMB,APAC,29,129,18,1,1,CreditCard,1,0,1
SMB,EMEA,55,49,22,5,1,ACH,0,1,0
Mid-Market,EMEA,13,29,30,2,1,CreditCard,0,1,0
SMB,NA,37,79,14,0,1,CreditCard,0,0,1
SMB,APAC,33,129,19,2,1,CreditCard,1,0,0
Mid-Market,EMEA,11,79,17,1,1,CreditCard,1,0,0
Mid-Market,APAC,13,29,18,1,0,CreditCard,1,1,0
Mid-Market,LATAM,24,29,18,1,0,ACH,1,0,0
Mid-Market,APAC,29,29,21,3,1,CreditCard,0,0,0
Enterprise,LATAM,34,199,20,2,2,CreditCard,0,0,0
Mid-Market,NA,21,79,16,1,1,CreditCard,1,0,1
SMB,LATAM,22,199,20,1,3,CreditCard,1,0,1
Enterprise,LATAM,12,29,21,3,1,ACH,1,0,0
Enterprise,NA,38,129,24,0,0,CreditCard,1,0,0
SMB,EMEA,33,29,29,1,0,ACH,1,0,0
Enterprise,NA,27,199,20,1,0,CreditCard,0,0,0
SMB,APAC,22,29,14,4,1,ACH,0,0,0
Enterprise,NA,37,29,17,0,3,ACH,0,0,0
Enterprise,APAC,13,199,20,0,1,CreditCard,1,0,0
SMB,EMEA,24,199,24,1,1,Invoice,1,0,0
SMB,APAC,45,129,21,1,0,CreditCard,1,0,0
SMB,NA,13,199,20,6,0,Invoice,1,0,0
SMB,NA,49,129,19,1,1,CreditCard,1,0,1
Mid-Market,EMEA,32,49,12,0,0,CreditCard,1,1,0
Mid-Market,NA,29,49,15,1,0,CreditCard,0,1,0
SMB,EMEA,37,199,30,2,0,ACH,1,0,0
Mid-Market,EMEA,34,29,27,0,1,ACH,1,0,0
SMB,NA,11,79,20,1,1,CreditCard,1,0,0
SMB,LATAM,11,29,18,0,0,ACH,1,0,0
Enterprise,APAC,18,199,19,2,0,Invoice,1,0,0
SMB,LATAM,25,129,22,0,1,ACH,0,1,0
SMB,EMEA,35,29,20,4,0,CreditCard,0,0,1
SMB,APAC,20,49,25,0,0,CreditCard,0,0,1
SMB,LATAM,16,199,24,1,0,CreditCard,1,1,0
Enterprise,NA,31,29,19,1,0,CreditCard,0,0,0
SMB,LATAM,20,29,28,1,1,CreditCard,1,1,0
Enterprise,APAC,26,129,19,0,0,CreditCard,1,1,0
SMB,APAC,22,129,19,4,0,Invoice,0,0,1
Enterprise,APAC,16,129,19,1,0,ACH,0,0,0
Mid-Market,APAC,16,79,23,0,3,Invoice,1,0,1
Enterprise,LATAM,13,199,16,0,2,Invoice,1,1,0
Enterprise,NA,36,199,26,1,0,ACH,1,0,0
SMB,NA,19,49,15,1,1,CreditCard,1,0,0
Enterprise,APAC,16,49,22,0,0,ACH,1,1,0
Enterprise,NA,9,199,13,1,0,CreditCard,1,1,0
SMB,LATAM,9,29,24,2,1,CreditCard,0,0,0
Mid-Market,NA,13,199,26,3,1,CreditCard,1,0,1
Mid-Market,EMEA,26,79,15,1,1,CreditCard,0,0,0
Mid-Market,NA,23,49,11,0,1,ACH,0,0,0
Enterprise,APAC,19,49,14,1,0,Invoice,1,0,0
SMB,NA,13,49,29,2,0,CreditCard,0,0,0
Mid-Market,NA,9,199,27,1,1,CreditCard,1,0,0
Mid-Market,NA,16,49,21,5,1,CreditCard,1,0,0
Mid-Market,NA,20,49,20,1,0,ACH,1,0,1
Mid-Market,EMEA,30,199,17,2,0,CreditCard,0,0,0
SMB,LATAM,11,29,13,0,0,Invoice,0,0,0
Mid-Market,APAC,19,49,20,1,0,CreditCard,1,0,0
Enterprise,APAC,13,49,22,0,1,Invoice,1,0,1
Enterprise,NA,17,49,13,1,0,CreditCard,0,0,1
SMB,LATAM,48,79,25,0,1,CreditCard,1,1,0
Mid-Market,NA,15,199,19,2,1,CreditCard,0,0,0
Mid-Market,EMEA,13,49,15,2,0,ACH,1,0,0
Enterprise,LATAM,61,79,20,0,2,CreditCard,1,0,0
SMB,LATAM,28,29,13,0,1,Invoice,1,0,0
Enterprise,LATAM,27,29,20,4,0,CreditCard,1,0,0
SMB,LATAM,15,79,20,0,2,ACH,0,0,1
SMB,NA,48,29,21,3,1,CreditCard,0,0,0
SMB,EMEA,11,129,13,2,1,CreditCard,0,0,0
Enterprise,LATAM,34,29,18,3,2,CreditCard,0,0,0
SMB,APAC,36,129,15,0,0,Invoice,1,0,0
Enterprise,APAC,39,79,20,3,0,CreditCard,1,0,0
Enterprise,EMEA,41,129,13,0,1,CreditCard,0,1,1
Mid-Market,APAC,20,29,17,4,1,CreditCard,1,0,1
Enterprise,NA,25,49,17,1,0,ACH,1,1,0
Enterprise,NA,23,129,22,0,0,CreditCard,1,1,0
Mid-Market,EMEA,14,29,22,0,1,Invoice,1,0,0
Mid-Market,LATAM,19,49,25,1,2,CreditCard,0,1,0
Mid-Market,APAC,36,79,22,3,0,CreditCard,1,1,0
SMB,APAC,12,79,19,5,0,CreditCard,1,1,0
SMB,EMEA,31,199,20,2,0,CreditCard,1,0,0
Mid-Market,EMEA,32,79,29,2,0,CreditCard,1,1,0
SMB,APAC,23,199,15,1,0,CreditCard,1,0,0
Mid-Market,LATAM,32,79,29,3,1,CreditCard,0,1,0
SMB,EMEA,14,79,14,4,2,ACH,1,0,0
Enterprise,NA,13,79,23,2,1,CreditCard,0,1,0
SMB,APAC,19,199,26,2,0,CreditCard,1,0,0
SMB,EMEA,26,199,15,1,1,ACH,0,0,1
Enterprise,EMEA,46,129,24,4,0,CreditCard,1,1,0
Mid-Market,EMEA,23,29,21,3,0,CreditCard,0,0,1
SMB,APAC,19,29,17,1,1,ACH,1,0,0
SMB,NA,35,29,18,2,2,CreditCard,1,0,0
Enterprise,NA,12,79,16,0,0,CreditCard,1,1,0
Enterprise,APAC,11,29,14,0,0,CreditCard,0,1,0
Enterprise,EMEA,47,199,17,2,0,CreditCard,1,0,0
Enterprise,APAC,16,129,12,1,0,Invoice,1,1,1
Mid-Market,APAC,40,49,20,1,0,CreditCard,1,0,0
SMB,EMEA,38,129,17,3,0,ACH,0,0,0
SMB,APAC,33,29,15,0,0,ACH,1,0,1
SMB,LATAM,35,29,21,3,1,ACH,1,0,0
SMB,NA,35,199,19,3,1,ACH,0,0,1
Mid-Market,LATAM,8,129,21,0,2,CreditCard,1,0,0
SMB,LATAM,26,199,23,3,1,CreditCard,1,0,0
Mid-Market,LATAM,24,199,25,4,2,Invoice,0,0,1
Mid-Market,APAC,18,49,26,3,1,CreditCard,1,0,0
Enterprise,EMEA,20,199,16,2,0,CreditCard,1,1,0
Enterprise,APAC,21,199,25,4,2,CreditCard,1,1,0
SMB,NA,20,49,18,2,1,CreditCard,1,0,0
Mid-Market,APAC,37,79,31,1,1,Invoice,1,0,1
Enterprise,APAC,20,79,27,2,2,ACH,1,1,0
Mid-Market,APAC,60,49,26,1,1,ACH,0,0,1
Enterprise,APAC,17,199,24,2,0,CreditCard,1,0,0
Mid-Market,LATAM,19,29,13,1,1,CreditCard,0,0,1
SMB,EMEA,21,129,17,0,0,CreditCard,0,1,0
SMB,NA,16,29,16,2,1,CreditCard,1,1,0
Mid-Market,NA,21,29,12,1,0,CreditCard,0,1,0
Enterprise,NA,17,199,17,0,3,CreditCard,1,0,0
Enterprise,APAC,31,129,17,3,0,CreditCard,1,0,0
SMB,NA,18,129,25,4,1,ACH,1,1,0
SMB,LATAM,15,79,16,3,2,CreditCard,0,0,0
SMB,EMEA,19,49,25,3,3,CreditCard,1,0,1
Enterprise,APAC,22,199,14,2,2,Invoice,1,0,1
Enterprise,APAC,20,129,30,1,2,CreditCard,1,0,0
SMB,LATAM,61,199,19,0,0,CreditCard,1,1,0
Mid-Market,NA,28,79,12,3,2,Invoice,1,0,0
Enterprise,APAC,13,29,29,0,0,ACH,1,0,1
SMB,APAC,29,129,17,2,0,ACH,1,0,1
Mid-Market,LATAM,26,79,27,3,0,CreditCard,1,0,0
Enterprise,LATAM,28,199,14,0,1,Invoice,1,0,0
Mid-Market,NA,29,79,22,2,0,CreditCard,1,1,0
Mid-Market,EMEA,39,79,19,2,1,Invoice,0,0,0
Enterprise,EMEA,21,79,22,0,1,Invoice,1,0,0
SMB,NA,22,79,23,2,1,ACH,1,0,0
Mid-Market,EMEA,17,79,16,4,0,ACH,0,0,0
SMB,LATAM,25,79,21,0,0,ACH,1,0,0
Enterprise,LATAM,16,49,16,1,1,CreditCard,1,0,1
Mid-Market,LATAM,14,199,16,1,0,CreditCard,1,0,0
Mid-Market,EMEA,45,29,15,0,1,Invoice,1,0,1
Mid-Market,EMEA,22,199,16,1,2,CreditCard,1,0,0
Mid-Market,APAC,28,129,22,1,1,Invoice,1,0,1
Mid-Market,APAC,18,129,23,2,0,ACH,1,0,0
Enterprise,APAC,49,199,23,4,0,ACH,1,0,0
Mid-Market,EMEA,21,79,17,1,1,CreditCard,1,1,0
Enterprise,APAC,41,49,18,2,1,CreditCard,1,0,0
SMB,LATAM,28,29,24,0,0,Invoice,1,0,0
Enterprise,EMEA,23,79,22,0,1,CreditCard,1,0,0
Mid-Market,NA,26,199,12,3,0,ACH,0,1,1
SMB,EMEA,22,199,19,1,1,ACH,1,0,0
Enterprise,APAC,8,49,10,1,2,CreditCard,1,0,0
Enterprise,EMEA,21,49,17,5,0,ACH,1,0,0
Enterprise,APAC,25,199,20,2,0,CreditCard,1,0,0
Mid-Market,APAC,9,79,19,2,1,CreditCard,0,0,0
Mid-Market,NA,18,79,16,0,0,CreditCard,1,0,0
Enterprise,NA,31,79,26,0,1,ACH,1,0,0
Enterprise,LATAM,32,29,20,2,0,Invoice,0,0,1
SMB,APAC,55,29,18,0,1,CreditCard,1,0,0
Mid-Market,EMEA,34,79,15,1,0,CreditCard,0,0,0
Mid-Market,NA,33,199,26,2,0,CreditCard,1,0,0
SMB,NA,26,49,28,3,1,CreditCard,0,0,1
Enterprise,APAC,37,129,17,3,0,CreditCard,0,0,0
Enterprise,EMEA,24,49,13,4,0,Invoice,0,0,0
SMB,NA,23,49,22,1,1,Invoice,0,1,0
Enterprise,NA,24,129,22,3,0,CreditCard,1,1,1
Enterprise,EMEA,36,79,24,0,1,ACH,1,0,0
SMB,NA,24,49,17,0,2,ACH,1,0,1
SMB,EMEA,28,129,20,1,1,Invoice,0,0,1
SMB,APAC,18,199,18,4,0,CreditCard,1,0,0
Enterprise,NA,47,199,20,1,1,Invoice,1,1,0
SMB,APAC,20,199,13,1,0,Invoice,1,0,1
Enterprise,EMEA,23,79,20,6,0,Invoice,1,0,0
Mid-Market,APAC,33,49,19,0,2,ACH,1,0,0
Mid-Market,APAC,39,49,23,0,0,CreditCard,1,0,0
SMB,APAC,24,29,22,2,2,ACH,1,0,0
Enterprise,LATAM,31,199,24,2,1,CreditCard,1,0,0
Enterprise,EMEA,16,79,20,2,2,CreditCard,0,0,0
Enterprise,EMEA,26,129,17,0,1,CreditCard,1,1,0
SMB,EMEA,31,79,20,0,1,CreditCard,0,0,0
Enterprise,EMEA,41,49,17,0,1,CreditCard,1,0,1
Enterprise,EMEA,13,199,18,1,0,CreditCard,1,0,1
Enterprise,NA,15,29,23,1,0,CreditCard,0,0,0
Mid-Market,NA,11,79,29,0,1,CreditCard,0,0,0
Enterprise,NA,14,29,23,3,1,CreditCard,1,0,0
Mid-Market,APAC,33,49,20,0,1,Invoice,0,1,0
Enterprise,APAC,25,129,22,1,0,CreditCard,1,1,0
Enterprise,EMEA,14,79,10,0,1,ACH,1,0,0
Enterprise,LATAM,37,49,19,2,0,CreditCard,1,0,0
Mid-Market,EMEA,24,199,24,1,1,Invoice,1,1,0
Enterprise,NA,33,79,18,2,1,Invoice,1,1,0
SMB,EMEA,26,29,18,2,0,CreditCard,1,0,1
Enterprise,APAC,25,79,22,3,1,CreditCard,1,1,1
Mid-Market,EMEA,25,49,15,1,1,ACH,1,1,0
Mid-Market,NA,18,49,16,2,0,ACH,1,0,0
SMB,EMEA,36,29,28,2,0,CreditCard,0,0,0
SMB,APAC,9,49,23,3,0,Invoice,1,0,0
SMB,LATAM,23,79,18,3,0,CreditCard,1,0,1
Mid-Market,NA,16,29,20,2,0,ACH,0,0,0
Enterprise,EMEA,12,49,22,2,0,CreditCard,1,0,1
Enterprise,APAC,24,49,20,0,0,CreditCard,1,0,0
SMB,NA,24,79,28,0,1,CreditCard,1,0,0
SMB,NA,16,49,28,3,1,CreditCard,1,1,0
Enterprise,APAC,51,79,20,0,1,Invoice,1,0,0
SMB,EMEA,36,199,14,1,0,ACH,1,0,1
Enterprise,EMEA,28,79,18,6,0,Invoice,1,1,0
Enterprise,EMEA,31,129,13,3,0,Invoice,1,0,0
Enterprise,NA,21,49,21,3,1,CreditCard,1,1,0
Enterprise,LATAM,23,199,15,1,2,CreditCard,0,0,0
Mid-Market,NA,26,29,23,2,0,Invoice,1,0,1
Enterprise,EMEA,26,129,23,2,1,ACH,1,0,0
SMB,NA,34,29,16,1,3,ACH,1,0,0
SMB,LATAM,29,129,16,0,2,CreditCard,1,0,0
SMB,NA,31,199,18,0,0,Invoice,1,0,1
SMB,APAC,20,199,15,4,2,CreditCard,1,0,1
Mid-Market,EMEA,23,199,21,2,1,Invoice,0,0,0
Enterprise,EMEA,23,129,24,2,1,Invoice,1,0,0
Enterprise,EMEA,19,79,23,0,2,ACH,1,1,0
SMB,NA,10,29,22,2,3,CreditCard,0,0,1
SMB,NA,9,79,24,2,0,CreditCard,1,0,0
SMB,NA,14,79,28,1,1,CreditCard,1,1,0
Enterprise,EMEA,15,49,26,3,0,ACH,1,0,0
Mid-Market,NA,17,29,19,0,2,CreditCard,0,1,0
Mid-Market,EMEA,23,129,26,1,0,Invoice,1,0,0
Mid-Market,NA,36,49,14,0,2,ACH,1,0,0
Mid-Market,EMEA,11,49,21,4,0,Invoice,1,1,1
SMB,APAC,19,199,17,1,1,CreditCard,1,1,0
Enterprise,NA,29,129,27,1,0,Invoice,1,0,0
SMB,EMEA,31,79,15,1,1,ACH,0,0,0
Mid-Market,APAC,27,79,20,1,1,Invoice,1,1,0
SMB,APAC,22,79,20,2,0,CreditCard,1,1,0
Mid-Market,LATAM,28,199,26,1,2,CreditCard,0,0,0
Enterprise,NA,12,79,21,2,0,ACH,0,0,0
Mid-Market,EMEA,28,29,21,2,2,CreditCard,1,0,0
SMB,LATAM,32,79,16,1,1,CreditCard,1,0,0
Enterprise,NA,29,79,16,1,0,Invoice,0,1,1
Mid-Market,APAC,21,29,21,0,0,CreditCard,1,0,0
Mid-Market,NA,21,199,29,2,0,CreditCard,1,0,0
Enterprise,EMEA,13,49,15,0,0,CreditCard,0,0,0
SMB,APAC,22,129,21,1,0,Invoice,1,0,1
Enterprise,LATAM,26,199,23,1,3,ACH,1,0,0
SMB,NA,27,79,12,1,1,CreditCard,1,0,0
Mid-Market,NA,24,49,24,4,1,CreditCard,1,1,1
Mid-Market,LATAM,5,129,23,0,0,Invoice,0,0,0
Enterprise,NA,17,129,21,1,1,CreditCard,0,0,1
Mid-Market,NA,28,129,19,3,0,CreditCard,1,0,0
Enterprise,NA,34,29,22,4,0,CreditCard,0,0,0
Mid-Market,APAC,18,29,20,0,1,CreditCard,1,0,0
Mid-Market,APAC,42,49,16,0,1,ACH,1,0,1
SMB,EMEA,21,79,21,0,1,ACH,0,0,0
Enterprise,NA,22,49,21,4,0,ACH,1,0,0
Enterprise,EMEA,15,79,20,1,2,CreditCard,1,0,0
Mid-Market,APAC,18,199,17,1,0,CreditCard,0,1,0
SMB,NA,11,129,15,1,0,CreditCard,1,0,0
SMB,EMEA,20,129,13,2,1,CreditCard,1,0,0
Enterprise,NA,44,29,25,1,0,CreditCard,0,0,0
Enterprise,NA,24,199,24,2,0,ACH,0,0,0
Mid-Market,LATAM,12,199,13,1,0,CreditCard,1,0,0
Enterprise,EMEA,22,79,19,1,0,ACH,1,0,0
Mid-Market,APAC,26,199,19,0,1,CreditCard,1,0,0
SMB,EMEA,22,29,23,0,2,CreditCard,1,0,0
Enterprise,EMEA,13,79,22,0,1,CreditCard,1,1,0
SMB,EMEA,22,49,19,1,1,ACH,1,0,0
SMB,LATAM,25,79,22,3,0,Invoice,1,0,0
Mid-Market,NA,31,49,17,2,1,Invoice,1,0,0
SMB,APAC,34,79,15,1,1,CreditCard,1,0,0
Mid-Market,LATAM,28,129,18,2,0,ACH,1,0,0
Mid-Market,APAC,31,49,14,1,2,CreditCard,1,0,0
SMB,LATAM,16,29,21,2,1,ACH,1,1,0
SMB,NA,29,49,21,2,2,Invoice,0,0,1
Mid-Market,APAC,33,49,17,1,0,ACH,0,1,0
Mid-Market,EMEA,13,79,19,2,0,CreditCard,1,0,1
SMB,LATAM,30,129,25,1,1,ACH,0,0,0
Mid-Market,APAC,35,79,20,2,2,Invoice,0,0,0
Mid-Market,NA,29,79,20,1,0,CreditCard,1,0,0
Enterprise,APAC,19,129,18,1,2,CreditCard,1,0,0
Enterprise,LATAM,31,79,18,1,2,CreditCard,1,0,0
Enterprise,NA,29,129,19,1,0,CreditCard,1,1,0
Enterprise,EMEA,20,29,19,1,1,CreditCard,1,0,0
Enterprise,LATAM,57,129,22,0,1,CreditCard,0,0,0
Mid-Market,LATAM,11,199,20,0,0,CreditCard,1,1,0
Mid-Market,NA,27,129,15,4,1,CreditCard,0,0,0
Enterprise,LATAM,9,129,20,1,0,ACH,1,0,0
SMB,APAC,25,199,19,1,0,CreditCard,1,0,0
Enterprise,EMEA,20,129,11,0,1,Invoice,0,0,0
SMB,APAC,33,49,25,2,0,CreditCard,1,0,0
Mid-Market,NA,22,79,23,1,2,ACH,1,0,1
SMB,LATAM,29,79,23,2,0,CreditCard,1,0,1
Mid-Market,EMEA,21,29,19,1,1,CreditCard,1,0,0
SMB,NA,27,29,16,0,1,CreditCard,0,0,0
Mid-Market,APAC,37,199,23,2,0,ACH,1,0,0
Mid-Market,LATAM,25,49,26,4,1,ACH,1,0,0
Enterprise,LATAM,18,29,18,1,2,ACH,1,1,0
Mid-Market,NA,20,79,25,1,0,CreditCard,1,1,0
Enterprise,APAC,9,29,23,2,1,CreditCard,1,1,0
Enterprise,LATAM,32,29,28,2,0,ACH,1,0,0
Enterprise,APAC,19,129,19,3,2,CreditCard,1,0,0
SMB,EMEA,25,29,24,1,0,CreditCard,0,0,0
SMB,LATAM,8,199,13,1,0,CreditCard,1,0,0
Mid-Market,EMEA,22,79,19,0,0,CreditCard,0,0,0
Enterprise,LATAM,36,199,19,7,1,CreditCard,1,0,0
Enterprise,NA,26,199,18,0,1,CreditCard,1,0,0
Mid-Market,LATAM,58,49,27,0,0,ACH,0,0,0
Enterprise,LATAM,19,129,23,2,0,CreditCard,1,0,0
Mid-Market,APAC,25,199,20,1,0,Invoice,1,0,0
Enterprise,APAC,23,49,14,0,3,CreditCard,0,0,0
SMB,EMEA,32,79,22,1,1,CreditCard,0,0,0
Mid-Market,EMEA,23,79,12,0,0,ACH,1,1,0
Mid-Market,EMEA,18,49,19,1,1,Invoice,1,0,0
SMB,LATAM,24,199,29,0,1,ACH,1,1,0
Mid-Market,LATAM,26,199,16,2,1,ACH,0,0,0
SMB,EMEA,30,129,20,2,0,Invoice,0,0,0
Enterprise,NA,26,129,17,3,1,ACH,1,1,0
SMB,NA,42,79,27,1,1,ACH,1,1,0
SMB,LATAM,51,129,27,2,1,Invoice,1,0,0
Mid-Market,NA,19,49,23,1,0,CreditCard,1,0,0
Enterprise,NA,33,79,19,2,1,Invoice,0,0,1
SMB,EMEA,30,199,22,3,0,CreditCard,1,0,0
Enterprise,NA,9,79,18,0,2,Invoice,1,0,0
SMB,NA,39,29,25,1,0,CreditCard,0,0,1
Mid-Market,LATAM,16,79,20,2,3,CreditCard,1,0,0
SMB,LATAM,16,129,22,1,1,Invoice,1,0,0
SMB,LATAM,25,49,19,1,0,CreditCard,1,0,1
Enterprise,NA,30,199,20,0,0,ACH,1,0,0
SMB,EMEA,29,199,26,0,0,CreditCard,1,0,1
Mid-Market,APAC,24,129,24,2,1,CreditCard,1,0,0
Mid-Market,LATAM,23,129,18,1,2,Invoice,1,0,0
SMB,LATAM,23,129,23,3,2,CreditCard,1,1,1
SMB,LATAM,23,29,22,3,0,ACH,1,0,0
Enterprise,EMEA,27,49,20,1,0,CreditCard,0,0,0
Enterprise,APAC,34,29,20,1,0,Invoice,1,0,0
Mid-Market,APAC,32,129,26,1,0,ACH,0,0,0
Enterprise,LATAM,33,49,28,2,0,ACH,1,1,0
SMB,NA,28,129,18,2,1,Invoice,0,0,0
Mid-Market,LATAM,30,49,20,0,0,CreditCard,1,1,0
Enterprise,LATAM,25,199,24,1,0,ACH,1,1,0
Mid-Market,NA,30,29,30,2,0,ACH,1,0,1
SMB,NA,26,129,21,4,0,CreditCard,1,1,0
Enterprise,LATAM,9,129,22,0,0,CreditCard,0,0,0
SMB,EMEA,13,79,19,0,2,ACH,0,0,0
SMB,EMEA,24,199,24,2,2,ACH,1,0,1
Mid-Market,NA,14,129,17,4,0,CreditCard,0,0,0
Mid-Market,LATAM,25,29,17,1,0,CreditCard,1,1,1
Mid-Market,EMEA,29,199,18,4,0,CreditCard,1,0,0
Enterprise,LATAM,30,129,24,5,0,CreditCard,1,0,0
Enterprise,LATAM,23,29,24,4,1,CreditCard,1,0,1
Mid-Market,LATAM,29,79,18,0,0,CreditCard,1,0,0
Enterprise,EMEA,33,79,17,0,0,CreditCard,1,0,0
Enterprise,APAC,34,29,29,1,0,Invoice,1,0,1
Mid-Market,LATAM,34,199,19,1,1,ACH,0,0,0
SMB,EMEA,27,29,25,1,0,CreditCard,1,1,0
Enterprise,APAC,17,29,17,1,0,CreditCard,0,0,0
Enterprise,NA,12,79,12,1,1,ACH,1,0,1
SMB,EMEA,23,79,16,0,1,Invoice,1,0,0
SMB,APAC,23,79,20,1,0,ACH,1,0,0
SMB,EMEA,33,129,19,4,0,ACH,0,0,0
Mid-Market,APAC,18,129,17,1,1,CreditCard,1,0,0
SMB,APAC,27,49,24,0,1,CreditCard,1,0,0
Mid-Market,EMEA,9,129,17,2,0,ACH,1,0,0
SMB,NA,23,199,16,2,1,CreditCard,0,0,0
SMB,LATAM,23,199,19,0,0,CreditCard,0,1,1
Mid-Market,APAC,18,79,23,2,0,CreditCard,0,0,1
Mid-Market,LATAM,10,29,15,3,0,CreditCard,0,0,0
SMB,NA,18,79,17,1,0,ACH,0,0,0
SMB,LATAM,42,29,23,0,0,CreditCard,1,0,0
SMB,LATAM,18,79,15,3,0,CreditCard,0,0,0
Enterprise,EMEA,50,79,26,1,0,ACH,0,1,0
SMB,EMEA,19,199,26,2,1,Invoice,0,0,1
Mid-Market,NA,12,29,28,2,1,ACH,1,0,0
Enterprise,EMEA,18,49,15,2,1,ACH,1,1,0
Mid-Market,APAC,18,49,21,0,1,CreditCard,1,0,0
Enterprise,NA,13,79,19,2,0,CreditCard,1,1,0
Enterprise,EMEA,21,79,31,4,0,CreditCard,1,0,0
Mid-Market,EMEA,15,199,29,0,1,CreditCard,0,1,0
Enterprise,NA,23,29,21,3,0,CreditCard,1,1,0
Mid-Market,APAC,18,79,14,2,0,CreditCard,1,0,0
SMB,NA,42,49,30,1,0,ACH,1,0,0
Enterprise,EMEA,44,29,23,4,1,Invoice,1,1,0
Mid-Market,EMEA,63,79,28,0,0,ACH,0,1,0
Enterprise,NA,28,29,19,3,1,CreditCard,0,0,0
Mid-Market,APAC,30,199,24,2,0,ACH,1,0,1
SMB,APAC,25,49,22,0,1,CreditCard,1,1,1
SMB,LATAM,18,29,26,4,1,ACH,1,0,0
Enterprise,APAC,26,49,28,1,0,CreditCard,1,0,0
Enterprise,NA,34,79,14,1,0,CreditCard,0,1,0
Mid-Market,APAC,31,129,27,2,1,ACH,0,0,0
Mid-Market,APAC,23,29,19,0,2,ACH,0,1,0
Enterprise,LATAM,25,49,17,2,2,Invoice,1,0,1
Mid-Market,APAC,14,29,23,1,2,CreditCard,1,1,0
Mid-Market,LATAM,24,79,20,1,0,ACH,1,0,0
Mid-Market,LATAM,16,79,22,2,1,CreditCard,0,1,1
Enterprise,APAC,31,49,22,2,1,CreditCard,1,0,0
SMB,EMEA,30,199,21,1,1,ACH,1,0,1
SMB,NA,39,29,15,4,1,Invoice,0,0,0
Mid-Market,NA,18,29,24,2,2,ACH,1,0,0
Enterprise,APAC,9,79,20,2,0,CreditCard,1,0,0
Mid-Market,NA,26,29,19,2,0,CreditCard,1,1,0
SMB,NA,29,49,20,2,0,CreditCard,0,0,1
Mid-Market,LATAM,28,129,22,3,0,CreditCard,1,1,0
SMB,EMEA,11,79,13,1,2,ACH,0,0,0
Enterprise,NA,46,129,21,2,0,CreditCard,1,0,0
Mid-Market,EMEA,31,29,27,2,1,ACH,1,0,0
Enterprise,NA,31,199,14,1,0,ACH,0,0,0
Mid-Market,EMEA,32,49,19,2,0,ACH,0,0,1
Mid-Market,EMEA,20,29,15,2,0,CreditCard,1,0,0
Mid-Market,NA,9,49,17,1,0,CreditCard,0,0,0
Mid-Market,LATAM,28,29,14,0,1,CreditCard,1,0,0
Mid-Market,EMEA,23,29,17,1,1,CreditCard,1,0,0
Enterprise,EMEA,36,29,18,2,1,Invoice,1,0,0
Enterprise,NA,27,79,19,1,0,Invoice,0,0,1
SMB,EMEA,6,129,25,0,0,ACH,0,0,0
Mid-Market,EMEA,18,199,26,3,2,ACH,0,0,1
SMB,LATAM,12,129,19,1,0,ACH,0,0,0
Enterprise,EMEA,17,129,18,4,0,CreditCard,0,0,1
SMB,LATAM,34,49,30,1,0,CreditCard,1,0,0
Enterprise,EMEA,31,79,19,1,0,CreditCard,1,0,0
Mid-Market,EMEA,15,79,22,2,0,Invoice,0,0,1
SMB,LATAM,17,29,18,1,1,CreditCard,0,0,0
SMB,LATAM,30,129,18,0,1,CreditCard,1,0,1
SMB,APAC,33,199,23,0,0,Invoice,1,0,0
SMB,EMEA,25,49,16,0,1,CreditCard,1,0,0
Mid-Market,LATAM,19,79,23,0,4,ACH,1,1,1
Enterprise,EMEA,41,29,21,2,0,Invoice,0,0,0
Enterprise,EMEA,29,199,20,4,1,CreditCard,0,0,1
Mid-Market,EMEA,10,129,27,2,0,ACH,0,0,0
Enterprise,NA,71,199,24,1,0,CreditCard,0,0,0
SMB,APAC,49,79,17,1,0,ACH,1,1,0
Mid-Market,NA,32,49,16,2,1,CreditCard,1,0,0
Enterprise,APAC,25,129,23,0,0,CreditCard,1,0,0
Mid-Market,EMEA,23,49,21,3,0,ACH,0,0,0
Mid-Market,EMEA,18,199,21,1,0,CreditCard,1,1,0
Enterprise,LATAM,32,199,13,1,2,Invoice,1,0,0
Enterprise,APAC,17,29,25,0,0,CreditCard,1,0,0
Mid-Market,APAC,13,129,25,2,0,ACH,1,0,0
Mid-Market,NA,26,199,23,2,0,CreditCard,1,1,0
Enterprise,APAC,16,79,23,3,1,Invoice,0,1,0
Mid-Market,EMEA,17,79,15,1,0,CreditCard,0,0,1
Enterprise,LATAM,34,49,16,2,2,CreditCard,0,0,0
Mid-Market,NA,30,79,26,3,1,ACH,1,0,0
Mid-Market,LATAM,16,199,19,3,0,Invoice,0,0,1
Mid-Market,APAC,47,79,14,2,1,Invoice,1,0,0
Enterprise,APAC,25,129,14,0,0,CreditCard,1,0,0
SMB,NA,19,49,12,1,2,ACH,1,0,0
Enterprise,APAC,18,129,21,1,0,CreditCard,1,0,0
Mid-Market,LATAM,17,199,18,2,1,ACH,1,0,0
SMB,EMEA,30,199,23,1,0,CreditCard,1,0,1
SMB,NA,17,79,17,0,1,CreditCard,1,0,0
Mid-Market,APAC,23,29,18,0,0,Invoice,1,0,0
Enterprise,LATAM,23,29,15,6,0,Invoice,1,0,0
SMB,EMEA,17,199,21,2,3,ACH,1,1,0
SMB,APAC,17,199,22,0,2,ACH,1,0,1
Enterprise,NA,13,49,17,0,0,ACH,1,0,0
Enterprise,APAC,32,199,17,3,3,CreditCard,1,0,0
SMB,APAC,28,199,21,1,1,ACH,1,0,0
Enterprise,APAC,22,49,16,3,0,ACH,1,1,1
SMB,EMEA,16,129,16,0,4,CreditCard,1,0,0
Mid-Market,EMEA,30,129,18,1,0,Invoice,1,0,0
Enterprise,APAC,29,49,15,1,2,Invoice,1,0,0
SMB,APAC,38,49,15,2,0,Invoice,1,1,0
Enterprise,NA,31,129,15,2,0,CreditCard,0,0,0
Enterprise,APAC,16,129,21,1,3,ACH,1,0,0
SMB,LATAM,19,129,12,1,2,Invoice,0,0,0
Mid-Market,LATAM,38,129,15,2,1,CreditCard,1,1,0
SMB,NA,14,79,20,0,2,ACH,1,0,0
Enterprise,EMEA,27,49,12,1,0,Invoice,0,0,0
SMB,APAC,31,29,16,2,0,ACH,1,0,1
Enterprise,NA,30,79,18,0,1,Invoice,0,1,0
SMB,EMEA,14,29,24,0,0,CreditCard,1,0,0
Mid-Market,NA,22,29,21,3,0,CreditCard,0,0,1
Mid-Market,EMEA,14,199,18,1,0,CreditCard,0,0,0
Mid-Market,APAC,19,49,23,1,2,ACH,1,0,0
Mid-Market,NA,23,79,18,1,1,CreditCard,0,1,0
SMB,APAC,31,49,19,3,0,ACH,1,0,1
Mid-Market,NA,30,129,21,1,1,CreditCard,0,0,0
SMB,EMEA,25,49,9,0,0,Invoice,1,0,0
Enterprise,NA,22,29,17,3,1,CreditCard,1,0,0
Enterprise,LATAM,25,129,17,5,0,ACH,1,0,0
Enterprise,LATAM,26,49,23,2,0,ACH,1,0,1
Mid-Market,NA,21,49,21,1,1,Invoice,1,0,0
Mid-Market,LATAM,6,29,27,0,0,CreditCard,1,0,0
Mid-Market,APAC,18,129,28,1,2,Invoice,0,0,0
Enterprise,LATAM,23,29,22,1,0,CreditCard,1,0,0
Enterprise,LATAM,30,49,20,1,0,CreditCard,1,1,0
Enterprise,APAC,19,79,18,2,0,ACH,1,1,0
Enterprise,APAC,18,79,15,1,1,ACH,0,0,0
SMB,EMEA,8,199,20,0,0,CreditCard,1,0,0
SMB,APAC,24,79,32,1,1,ACH,1,1,0
Mid-Market,NA,24,129,15,3,2,CreditCard,1,0,0
Mid-Market,LATAM,13,199,18,0,1,CreditCard,1,0,1
Enterprise,EMEA,30,129,20,3,0,CreditCard,0,0,0
SMB,APAC,23,79,10,2,1,Invoice,1,0,0
SMB,LATAM,14,79,25,1,0,ACH,0,0,0
Mid-Market,NA,20,49,19,2,2,CreditCard,0,0,1
SMB,NA,22,129,23,1,1,CreditCard,1,0,0
Mid-Market,EMEA,16,29,25,3,2,CreditCard,0,0,1
Enterprise,NA,37,49,11,2,1,Invoice,1,0,0
Enterprise,LATAM,17,129,25,0,0,CreditCard,1,1,0
Mid-Market,APAC,11,199,21,2,0,CreditCard,1,0,0
Enterprise,NA,14,129,20,2,0,CreditCard,1,0,0
Enterprise,APAC,26,199,18,1,0,ACH,1,0,0
SMB,LATAM,30,199,17,1,1,CreditCard,1,0,0
SMB,LATAM,26,79,22,3,0,CreditCard,0,1,0
SMB,APAC,29,29,20,2,0,ACH,1,0,0
SMB,LATAM,19,129,19,3,1,CreditCard,1,0,0
SMB,EMEA,9,29,19,2,1,ACH,1,0,0
Mid-Market,NA,5,199,22,2,1,CreditCard,0,0,1
Mid-Market,EMEA,49,79,24,1,0,CreditCard,1,0,0
SMB,EMEA,26,29,19,2,0,CreditCard,0,0,0
Enterprise,EMEA,21,49,23,0,0,ACH,1,0,0
Enterprise,APAC,23,199,19,2,0,CreditCard,1,0,0
Mid-Market,APAC,48,49,19,1,0,CreditCard,1,1,0
Mid-Market,LATAM,16,29,17,1,1,CreditCard,1,1,0
Mid-Market,APAC,21,29,20,2,0,CreditCard,0,0,0
Enterprise,LATAM,31,29,25,2,1,CreditCard,1,0,0
Mid-Market,APAC,23,129,19,0,0,ACH,1,1,0
Enterprise,LATAM,11,199,26,2,1,CreditCard,0,0,0
Mid-Market,NA,43,199,14,2,0,CreditCard,1,0,0
Enterprise,LATAM,43,199,19,3,0,CreditCard,1,0,0
Mid-Market,NA,27,129,21,3,1,CreditCard,1,0,0
Mid-Market,LATAM,51,29,27,2,0,CreditCard,1,0,0
Enterprise,APAC,24,29,18,0,1,CreditCard,0,1,0
Mid-Market,APAC,26,49,20,1,0,CreditCard,0,0,0
SMB,NA,7,129,14,5,1,Invoice,1,1,0
Enterprise,EMEA,23,79,22,1,1,ACH,0,0,0
Mid-Market,EMEA,25,129,18,2,4,CreditCard,1,0,0
Enterprise,LATAM,36,49,19,1,1,ACH,0,0,0
Mid-Market,APAC,22,49,21,2,2,Invoice,1,0,0
SMB,EMEA,20,49,17,3,0,CreditCard,0,1,0
Mid-Market,APAC,15,29,24,2,0,CreditCard,1,0,0
Mid-Market,APAC,16,79,16,1,3,Invoice,0,0,0
SMB,APAC,12,49,19,1,1,ACH,1,0,0
Enterprise,LATAM,24,199,23,2,0,ACH,1,0,0
Mid-Market,NA,26,29,18,1,2,ACH,1,0,0
Mid-Market,LATAM,25,79,16,1,0,CreditCard,1,0,0
SMB,EMEA,19,199,19,2,2,ACH,1,0,0
Enterprise,NA,24,79,14,1,0,ACH,1,0,1
Enterprise,EMEA,25,79,23,1,0,CreditCard,1,0,0
SMB,NA,23,199,17,3,0,ACH,1,0,0
SMB,NA,24,129,16,0,0,Invoice,1,0,0
Mid-Market,LATAM,23,79,26,2,1,ACH,0,0,0
SMB,APAC,44,129,24,2,2,CreditCard,1,0,0
SMB,APAC,15,79,22,2,1,ACH,0,0,0
SMB,NA,36,199,20,3,1,CreditCard,1,0,1
Enterprise,LATAM,8,79,16,2,3,Invoice,1,0,1
SMB,EMEA,32,49,25,1,1,ACH,1,0,0
Mid-Market,EMEA,17,49,17,2,0,CreditCard,0,0,0
Mid-Market,APAC,30,79,26,0,0,CreditCard,1,0,1
Mid-Market,APAC,15,199,17,1,1,ACH,1,1,0
SMB,EMEA,29,199,23,1,2,CreditCard,1,0,0
Enterprise,EMEA,17,29,23,0,0,CreditCard,0,1,0
SMB,LATAM,35,199,24,2,1,CreditCard,0,0,1
SMB,EMEA,19,129,21,0,0,Invoice,1,1,0
Mid-Market,LATAM,23,79,22,1,0,CreditCard,1,1,1
SMB,APAC,6,49,26,4,2,ACH,1,0,0
Enterprise,EMEA,16,199,27,1,0,CreditCard,1,0,0
Mid-Market,APAC,37,49,19,3,0,CreditCard,0,0,1
Enterprise,NA,17,29,18,1,0,CreditCard,1,0,0
Enterprise,NA,14,79,26,2,1,CreditCard,0,0,1
Enterprise,NA,9,199,22,1,1,Invoice,0,0,0
SMB,EMEA,28,49,18,1,1,Invoice,1,1,0
SMB,APAC,24,199,22,1,2,CreditCard,1,0,0
SMB,EMEA,50,29,27,3,0,CreditCard,1,0,0
SMB,APAC,18,49,21,1,1,Invoice,1,0,0
Mid-Market,LATAM,26,49,18,2,1,CreditCard,1,0,0
SMB,EMEA,28,79,17,0,0,CreditCard,1,0,0
Mid-Market,NA,17,79,17,0,1,CreditCard,1,0,1
Enterprise,LATAM,49,49,19,1,1,ACH,1,0,0
Mid-Market,APAC,22,79,27,1,1,CreditCard,1,0,0
SMB,EMEA,12,49,21,3,0,ACH,0,0,0
Mid-Market,APAC,8,129,17,0,0,CreditCard,1,0,0
SMB,APAC,26,199,27,0,1,CreditCard,1,0,0
SMB,EMEA,15,129,25,1,1,CreditCard,1,0,0
Mid-Market,EMEA,37,129,20,2,2,Invoice,1,0,0
Mid-Market,APAC,27,199,17,0,1,Invoice,0,0,0
Enterprise,APAC,11,49,20,2,1,ACH,1,0,0
Enterprise,LATAM,20,49,17,1,0,CreditCard,0,0,0
Enterprise,NA,24,79,11,1,3,CreditCard,1,0,0
Enterprise,APAC,22,29,14,6,1,CreditCard,1,1,0
Enterprise,NA,32,49,23,1,0,CreditCard,0,0,0
Mid-Market,LATAM,23,199,28,1,0,Invoice,1,0,0
Enterprise,NA,14,29,25,2,1,CreditCard,1,0,0
Mid-Market,NA,20,199,19,1,1,ACH,1,0,0
Enterprise,LATAM,23,199,18,1,0,CreditCard,0,0,0
SMB,APAC,24,199,25,0,1,ACH,1,0,0
Enterprise,NA,15,29,23,2,0,ACH,1,0,0
SMB,APAC,25,129,15,3,0,CreditCard,0,0,0
Mid-Market,APAC,16,199,20,0,0,CreditCard,0,0,0
Enterprise,EMEA,30,79,18,1,1,CreditCard,1,0,0
Mid-Market,APAC,33,49,24,3,1,Invoice,0,1,0
Enterprise,APAC,27,49,8,0,1,CreditCard,1,0,0
Mid-Market,NA,31,49,13,4,0,CreditCard,1,1,0
Enterprise,APAC,28,29,15,1,0,Invoice,1,0,0
Enterprise,APAC,20,79,19,0,1,CreditCard,1,0,0
SMB,EMEA,15,79,16,3,3,CreditCard,1,0,0
Mid-Market,EMEA,25,79,25,3,1,CreditCard,1,1,1
Mid-Market,NA,26,79,24,2,1,CreditCard,1,0,0
Mid-Market,NA,27,79,35,2,0,CreditCard,1,0,0
Mid-Market,EMEA,19,129,14,3,1,ACH,1,0,0
Mid-Market,EMEA,39,79,23,1,0,CreditCard,1,1,0
SMB,LATAM,29,79,18,1,0,CreditCard,0,0,1
Enterprise,APAC,27,29,22,1,0,CreditCard,1,0,0
SMB,NA,12,29,20,1,1,CreditCard,1,1,0
Mid-Market,NA,13,79,25,2,2,CreditCard,1,0,0
Mid-Market,APAC,32,129,30,3,2,CreditCard,1,0,0
Enterprise,APAC,25,79,23,1,0,CreditCard,1,0,0
SMB,NA,28,79,22,0,0,CreditCard,0,1,0
Enterprise,EMEA,30,79,18,0,0,CreditCard,1,0,0
Enterprise,EMEA,24,199,17,2,1,CreditCard,0,1,1
SMB,APAC,13,129,28,1,1,CreditCard,0,1,0
Enterprise,NA,13,49,15,2,1,CreditCard,0,0,0
SMB,APAC,26,79,17,3,1,CreditCard,1,0,0
SMB,EMEA,45,49,26,0,0,ACH,1,1,0
Mid-Market,LATAM,17,129,26,3,0,ACH,1,0,0
Enterprise,LATAM,16,79,18,0,0,ACH,1,0,0
Mid-Market,EMEA,10,49,11,1,0,Invoice,1,0,0
Enterprise,APAC,19,49,16,1,1,Invoice,1,0,0
Enterprise,LATAM,33,129,23,1,1,CreditCard,1,0,0
Mid-Market,EMEA,17,79,12,4,3,CreditCard,0,0,0
Mid-Market,NA,19,199,20,0,0,Invoice,1,0,0
Mid-Market,APAC,29,129,17,2,1,CreditCard,1,0,0
SMB,APAC,10,199,19,1,0,ACH,0,0,0
Enterprise,LATAM,36,79,18,1,1,Invoice,1,0,0
SMB,APAC,15,49,16,1,0,ACH,1,0,0
Enterprise,LATAM,27,129,19,4,1,CreditCard,1,0,0
Enterprise,LATAM,14,129,15,3,0,ACH,1,0,0
SMB,EMEA,13,129,22,1,0,CreditCard,1,0,0
SMB,LATAM,26,29,27,1,0,Invoice,1,0,0
Enterprise,NA,18,79,24,3,0,CreditCard,0,0,0
Mid-Market,APAC,39,29,19,1,0,CreditCard,1,0,0
Mid-Market,LATAM,18,129,15,3,0,ACH,0,0,0
Mid-Market,APAC,31,129,29,1,0,CreditCard,0,1,0
Mid-Market,LATAM,31,199,24,1,0,CreditCard,0,0,0
Enterprise,EMEA,28,29,25,2,0,CreditCard,1,0,0
Mid-Market,NA,20,49,14,0,0,CreditCard,1,1,0
Mid-Market,APAC,24,79,20,0,1,Invoice,0,0,1
Mid-Market,EMEA,17,49,17,3,1,CreditCard,0,0,0
Enterprise,APAC,20,49,21,0,0,CreditCard,1,0,0
SMB,EMEA,28,79,11,3,1,ACH,1,0,0
Mid-Market,NA,20,129,17,3,0,CreditCard,1,0,1
Enterprise,LATAM,27,199,20,3,0,CreditCard,0,0,1
Enterprise,EMEA,25,129,13,5,3,CreditCard,0,0,0
Mid-Market,APAC,11,129,14,1,1,CreditCard,0,0,1
SMB,APAC,33,29,21,1,2,CreditCard,1,0,0
SMB,EMEA,12,49,26,4,0,CreditCard,1,0,0
SMB,NA,21,49,18,0,1,ACH,1,1,0
Enterprise,NA,29,49,17,3,0,CreditCard,1,0,0
Mid-Market,LATAM,19,199,29,0,1,Invoice,1,0,0
Mid-Market,LATAM,30,199,23,1,0,ACH,1,0,0
Enterprise,APAC,11,199,21,3,1,CreditCard,0,1,0
Mid-Market,APAC,34,79,32,1,0,Invoice,0,0,0
Mid-Market,LATAM,26,199,9,2,0,CreditCard,1,0,1
SMB,LATAM,31,29,23,2,1,ACH,1,1,1
Mid-Market,LATAM,14,29,29,2,2,CreditCard,0,0,0
Mid-Market,EMEA,15,129,37,1,0,CreditCard,1,0,0
Enterprise,LATAM,30,129,24,1,0,Invoice,0,1,0
Enterprise,EMEA,13,129,28,2,1,Invoice,1,0,0
SMB,EMEA,30,129,13,1,1,CreditCard,1,0,0
Enterprise,LATAM,6,29,23,2,0,CreditCard,0,1,0
SMB,NA,14,129,18,1,0,Invoice,0,0,0
SMB,NA,39,29,26,1,1,ACH,1,0,0
Mid-Market,APAC,20,199,16,1,0,CreditCard,1,0,0
SMB,LATAM,21,199,16,1,1,CreditCard,0,1,0
Mid-Market,APAC,10,79,24,2,1,Invoice,1,0,1
SMB,LATAM,28,129,17,0,0,Invoice,0,0,0
Enterprise,APAC,30,199,24,1,0,Invoice,0,0,0
Enterprise,EMEA,15,199,18,2,2,CreditCard,1,0,0
Enterprise,LATAM,22,49,23,1,0,ACH,1,0,0
SMB,NA,16,49,27,2,1,CreditCard,1,0,0
SMB,LATAM,42,29,21,2,1,ACH,0,0,0
Mid-Market,APAC,18,79,19,0,0,ACH,1,0,0
Mid-Market,APAC,16,49,18,2,0,CreditCard,1,0,1
Mid-Market,APAC,24,79,19,0,0,ACH,1,1,0
Mid-Market,APAC,9,199,19,1,0,CreditCard,1,0,0
SMB,APAC,33,29,23,2,0,CreditCard,1,0,0
SMB,APAC,15,79,18,2,0,CreditCard,1,0,1
Mid-Market,NA,22,49,21,3,0,ACH,1,0,0
SMB,APAC,10,199,16,0,1,CreditCard,1,1,0
SMB,NA,22,129,21,0,2,CreditCard,1,0,1
SMB,LATAM,39,199,27,2,0,CreditCard,0,0,0
SMB,EMEA,9,49,13,1,0,ACH,1,0,0
Mid-Market,NA,26,49,18,2,1,CreditCard,0,0,1
Mid-Market,LATAM,17,129,21,0,0,ACH,1,0,0
SMB,EMEA,37,199,22,1,0,Invoice,1,1,1
Enterprise,NA,14,79,15,1,1,CreditCard,1,0,0
Mid-Market,NA,26,79,12,1,1,ACH,0,0,0
Mid-Market,LATAM,23,199,11,3,0,CreditCard,0,0,1
Enterprise,APAC,35,79,13,2,0,CreditCard,1,0,0
Mid-Market,NA,31,199,18,0,1,CreditCard,1,0,0
Enterprise,NA,20,199,14,1,0,CreditCard,1,1,0
Enterprise,LATAM,21,49,15,0,0,Invoice,1,0,0
SMB,APAC,30,29,13,0,0,Invoice,1,0,1
Mid-Market,EMEA,13,49,19,1,1,Invoice,0,0,1
Enterprise,APAC,21,79,27,3,1,Invoice,1,0,1
SMB,APAC,18,29,25,2,0,CreditCard,0,0,0
Mid-Market,LATAM,13,199,20,2,1,CreditCard,0,0,0
SMB,APAC,24,79,13,0,1,CreditCard,1,1,0
SMB,LATAM,30,129,24,1,1,ACH,1,0,0
Enterprise,EMEA,18,79,19,1,0,CreditCard,1,0,0
Mid-Market,NA,27,29,21,2,0,Invoice,0,0,1
SMB,NA,27,29,26,2,0,ACH,1,1,0
Enterprise,LATAM,29,199,27,2,1,ACH,0,0,1
Enterprise,LATAM,29,129,29,4,1,CreditCard,1,0,1
SMB,APAC,35,199,23,2,1,CreditCard,1,0,0
SMB,APAC,26,129,17,2,1,CreditCard,1,1,0
Enterprise,NA,32,129,19,4,5,Invoice,1,0,0
SMB,NA,9,199,18,1,1,CreditCard,0,0,1
SMB,NA,38,79,19,1,1,ACH,1,0,0
Mid-Market,LATAM,10,49,20,1,1,Invoice,1,0,1
Enterprise,EMEA,45,129,24,0,1,CreditCard,1,0,0
SMB,EMEA,16,29,22,1,0,CreditCard,1,1,0
Enterprise,LATAM,23,199,21,1,0,CreditCard,1,1,0
Mid-Market,APAC,16,79,30,1,0,ACH,1,0,0
Enterprise,EMEA,35,129,15,2,1,Invoice,1,0,1
Enterprise,APAC,22,79,12,1,1,CreditCard,1,0,0
Enterprise,NA,21,199,24,0,2,CreditCard,1,1,1
Mid-Market,NA,27,29,12,2,0,CreditCard,1,0,0
Mid-Market,APAC,27,129,18,6,0,ACH,1,0,1
Enterprise,NA,18,129,23,1,0,CreditCard,1,0,0
Enterprise,LATAM,24,79,21,2,0,ACH,1,0,0
Mid-Market,APAC,24,199,25,2,2,CreditCard,0,0,0
SMB,APAC,12,49,18,3,1,ACH,1,0,0
Mid-Market,APAC,21,129,17,1,0,CreditCard,1,1,0
Enterprise,EMEA,39,29,30,1,1,CreditCard,1,0,0
SMB,APAC,29,129,24,2,0,Invoice,1,0,1
SMB,APAC,16,129,23,2,0,CreditCard,1,0,0
SMB,APAC,27,49,15,2,2,CreditCard,1,0,1
Mid-Market,EMEA,31,49,26,2,1,ACH,0,0,0
Mid-Market,NA,43,199,23,3,0,ACH,0,0,0
Mid-Market,EMEA,26,129,21,2,1,CreditCard,1,0,0
Mid-Market,LATAM,33,129,15,2,0,CreditCard,1,0,0
Enterprise,APAC,35,79,23,2,0,CreditCard,0,0,0
SMB,LATAM,17,79,23,7,1,CreditCard,1,0,1
Enterprise,EMEA,7,29,19,1,1,CreditCard,0,0,0
Mid-Market,NA,15,29,19,3,1,Invoice,0,1,0
Mid-Market,NA,13,79,17,2,1,Invoice,1,0,0
Enterprise,APAC,28,29,24,2,0,CreditCard,1,0,0
SMB,NA,14,129,15,1,0,CreditCard,1,0,0
SMB,EMEA,16,49,27,0,0,CreditCard,0,0,0
Mid-Market,EMEA,30,129,21,2,3,CreditCard,1,0,1
Mid-Market,NA,20,79,29,4,2,Invoice,1,0,0
Mid-Market,APAC,30,199,24,0,0,CreditCard,1,0,1
Mid-Market,APAC,33,199,19,0,2,CreditCard,1,0,0
SMB,EMEA,14,79,27,1,0,CreditCard,1,1,0
Enterprise,NA,22,129,20,1,0,CreditCard,0,0,1
SMB,EMEA,33,29,22,0,1,CreditCard,0,0,0
Enterprise,EMEA,23,29,22,0,0,ACH,0,0,0
Mid-Market,LATAM,45,199,21,2,3,CreditCard,1,0,0
Mid-Market,EMEA,31,79,17,3,1,CreditCard,1,1,0
Enterprise,APAC,17,79,18,0,0,CreditCard,1,0,0
Mid-Market,NA,34,49,20,4,0,ACH,1,0,1
SMB,NA,32,199,19,2,1,CreditCard,1,0,1
Mid-Market,LATAM,21,79,20,2,0,CreditCard,0,0,0
Mid-Market,LATAM,34,49,22,1,0,CreditCard,0,1,0
Mid-Market,APAC,32,29,13,2,1,CreditCard,1,0,0
Mid-Market,LATAM,27,199,18,1,0,CreditCard,1,1,1
SMB,EMEA,28,199,18,2,1,CreditCard,1,1,0
Enterprise,EMEA,27,79,15,1,0,CreditCard,0,0,1
Mid-Market,APAC,31,79,19,1,1,CreditCard,0,0,1
Mid-Market,NA,26,129,17,1,2,CreditCard,1,0,0
SMB,APAC,16,29,16,0,1,ACH,0,0,0
SMB,LATAM,22,29,25,2,4,ACH,0,0,0
SMB,NA,16,49,26,0,1,CreditCard,1,0,0
Mid-Market,NA,29,49,27,1,1,CreditCard,0,1,0
Enterprise,NA,26,129,22,0,1,ACH,1,0,0
SMB,LATAM,35,29,28,3,0,Invoice,1,0,0
SMB,EMEA,13,49,25,2,0,ACH,1,1,0
SMB,EMEA,36,29,17,1,0,CreditCard,1,0,0
Enterprise,LATAM,8,29,17,4,0,ACH,1,0,0
Mid-Market,LATAM,15,49,25,1,0,CreditCard,1,0,0
Mid-Market,APAC,14,79,21,0,0,CreditCard,1,0,0
Mid-Market,APAC,25,79,27,2,0,CreditCard,0,0,1
SMB,EMEA,18,49,18,1,0,CreditCard,1,0,0
Mid-Market,LATAM,23,129,26,1,1,CreditCard,0,0,0
SMB,APAC,14,199,14,1,1,CreditCard,1,0,1
Enterprise,LATAM,25,29,15,0,0,CreditCard,1,0,0
Enterprise,LATAM,15,199,17,3,0,Invoice,0,0,0
Mid-Market,EMEA,25,49,22,3,1,CreditCard,0,0,0
SMB,EMEA,23,29,18,0,1,CreditCard,0,1,0
SMB,LATAM,13,199,15,3,0,Invoice,1,0,0
Mid-Market,NA,10,79,23,3,1,ACH,1,0,0
Enterprise,NA,24,129,24,0,0,CreditCard,1,0,0
Enterprise,LATAM,25,199,29,1,1,ACH,0,0,0
Enterprise,EMEA,27,129,25,1,1,CreditCard,0,0,0
Enterprise,NA,11,79,16,1,2,CreditCard,0,1,0
Enterprise,EMEA,37,199,19,3,1,Invoice,1,0,0
Mid-Market,NA,23,49,21,3,0,CreditCard,1,0,1
Mid-Market,LATAM,24,29,22,0,1,Invoice,1,0,0
Mid-Market,APAC,9,79,21,3,1,CreditCard,1,1,0
Enterprise,APAC,11,129,18,0,0,ACH,0,0,1
Enterprise,EMEA,28,129,26,1,3,CreditCard,1,0,0
Mid-Market,EMEA,26,79,19,3,3,Invoice,1,0,1
Mid-Market,NA,20,49,25,3,2,CreditCard,1,0,0
Enterprise,LATAM,30,49,23,2,2,Invoice,0,0,0
SMB,NA,20,129,20,1,1,CreditCard,1,0,0
Mid-Market,LATAM,21,79,15,2,1,ACH,1,0,1
Enterprise,LATAM,35,79,18,2,0,ACH,0,0,0
Enterprise,EMEA,11,29,24,1,1,CreditCard,1,0,0
Mid-Market,APAC,21,129,19,2,1,ACH,0,0,0
SMB,APAC,33,49,19,2,1,CreditCard,1,0,1
Enterprise,EMEA,43,199,20,5,0,CreditCard,1,0,0
Mid-Market,APAC,18,49,36,6,0,ACH,1,1,1
Enterprise,EMEA,30,49,20,1,0,Invoice,0,0,0
Enterprise,NA,35,199,16,0,3,ACH,1,0,0
Enterprise,LATAM,30,129,15,1,1,CreditCard,0,0,0
Enterprise,APAC,34,29,24,2,0,CreditCard,0,0,0
SMB,APAC,12,49,19,0,1,Invoice,1,0,0
Mid-Market,NA,26,49,23,2,1,Invoice,0,0,0
Mid-Market,NA,21,129,12,1,1,ACH,1,1,0
Mid-Market,APAC,27,129,16,1,0,CreditCard,0,0,1
Mid-Market,APAC,31,79,15,3,1,CreditCard,1,0,0
Mid-Market,EMEA,19,129,21,1,0,CreditCard,0,0,0
SMB,EMEA,17,129,24,3,0,Invoice,1,0,0
Enterprise,APAC,15,49,17,2,0,Invoice,1,0,0
Enterprise,EMEA,17,29,23,0,1,ACH,0,1,0
Mid-Market,NA,28,49,19,1,1,Invoice,1,0,0
Enterprise,LATAM,14,129,24,0,0,CreditCard,1,1,0
Enterprise,EMEA,30,79,16,0,1,ACH,1,0,0
Enterprise,LATAM,40,29,24,1,0,CreditCard,1,0,0
Mid-Market,EMEA,26,79,22,3,1,CreditCard,1,1,0
Mid-Market,APAC,33,199,9,0,0,ACH,1,0,0
SMB,EMEA,21,79,25,3,0,CreditCard,1,1,0
Mid-Market,LATAM,30,79,16,3,1,ACH,1,1,0
SMB,LATAM,9,129,16,1,3,ACH,0,1,1
Mid-Market,APAC,17,129,19,1,0,Invoice,0,0,0
Enterprise,LATAM,33,129,17,0,1,ACH,1,1,0
SMB,APAC,44,129,13,1,0,CreditCard,0,0,0
SMB,APAC,30,129,22,1,0,CreditCard,1,0,1
SMB,LATAM,15,79,13,2,0,CreditCard,1,0,0
Mid-Market,NA,39,199,23,0,3,CreditCard,1,0,0
SMB,LATAM,20,129,20,1,0,CreditCard,0,0,0
Mid-Market,LATAM,25,199,18,0,1,CreditCard,1,0,0
SMB,EMEA,30,199,11,1,0,ACH,0,0,1
Mid-Market,LATAM,30,49,17,4,0,CreditCard,1,0,0
SMB,EMEA,41,49,21,4,1,CreditCard,1,0,0
Enterprise,EMEA,29,29,21,3,2,CreditCard,1,0,1
Enterprise,LATAM,15,49,12,1,0,CreditCard,0,0,0
SMB,APAC,34,129,21,1,3,CreditCard,1,0,0
Mid-Market,NA,32,199,19,3,0,CreditCard,1,0,0
Mid-Market,LATAM,10,29,28,1,0,CreditCard,1,0,1
Mid-Market,LATAM,20,49,23,1,0,CreditCard,1,0,0
Enterprise,APAC,18,79,19,2,0,CreditCard,0,0,0
Enterprise,EMEA,14,29,23,1,1,CreditCard,1,0,0
Enterprise,APAC,24,129,25,0,1,CreditCard,1,1,0
Mid-Market,APAC,25,199,18,2,0,CreditCard,1,0,0
Mid-Market,EMEA,18,129,22,4,0,ACH,0,0,0
Mid-Market,LATAM,34,129,18,2,0,CreditCard,1,0,0
SMB,APAC,16,79,16,0,1,ACH,1,0,0
SMB,APAC,18,79,15,0,3,CreditCard,1,1,0
SMB,LATAM,21,199,20,1,1,Invoice,1,1,0
Enterprise,LATAM,29,49,22,1,2,CreditCard,1,1,0
Enterprise,NA,35,129,18,0,3,ACH,1,0,0
Mid-Market,APAC,14,49,18,2,0,CreditCard,1,0,0
SMB,NA,27,199,31,0,0,CreditCard,1,0,0
Mid-Market,EMEA,30,129,13,0,1,ACH,0,0,0
SMB,LATAM,34,49,18,2,0,CreditCard,0,1,0
SMB,LATAM,19,129,14,1,0,CreditCard,0,0,1
Mid-Market,NA,22,79,33,1,0,Invoice,1,0,0
Mid-Market,APAC,19,79,18,2,0,Invoice,0,1,0
SMB,EMEA,21,29,25,1,2,ACH,0,1,0
SMB,APAC,17,199,24,1,2,Invoice,0,1,0
Enterprise,APAC,23,49,18,0,1,CreditCard,0,0,1
Mid-Market,NA,8,129,17,3,2,ACH,0,1,0
Mid-Market,APAC,16,29,22,2,0,CreditCard,0,0,1
Mid-Market,NA,18,199,14,0,1,CreditCard,1,0,0
Mid-Market,LATAM,24,199,18,2,2,ACH,0,0,0
SMB,LATAM,30,199,15,1,0,CreditCard,0,1,0
Enterprise,LATAM,38,49,26,2,0,ACH,1,0,0
Mid-Market,EMEA,21,79,25,2,1,CreditCard,1,0,0
SMB,EMEA,34,29,22,1,0,CreditCard,0,0,0
SMB,APAC,21,49,21,4,0,Invoice,0,0,1
SMB,NA,44,129,21,0,0,Invoice,0,0,0
SMB,APAC,22,49,19,3,1,CreditCard,1,0,0
SMB,LATAM,35,129,23,3,1,ACH,0,1,1
Mid-Market,APAC,18,129,20,3,0,CreditCard,1,0,0
Mid-Market,APAC,17,199,20,4,1,CreditCard,1,0,0
Enterprise,APAC,16,49,22,3,0,Invoice,0,0,1
Mid-Market,LATAM,15,79,26,0,2,CreditCard,1,0,1
SMB,NA,35,129,21,1,1,CreditCard,1,0,1
Enterprise,APAC,30,199,18,3,0,CreditCard,1,0,0
SMB,LATAM,9,79,15,2,0,CreditCard,1,0,0
SMB,EMEA,13,49,17,1,1,CreditCard,1,0,0
Mid-Market,NA,18,79,20,0,1,ACH,1,0,0
SMB,LATAM,13,49,16,0,0,CreditCard,1,1,0
Mid-Market,APAC,38,129,13,4,0,CreditCard,1,1,0
SMB,LATAM,21,29,25,0,1,CreditCard,1,1,0
Enterprise,NA,27,29,22,1,1,CreditCard,1,0,0
SMB,APAC,29,129,17,2,1,CreditCard,1,0,0
Mid-Market,EMEA,15,79,22,0,3,CreditCard,1,0,1
SMB,EMEA,15,49,21,3,1,CreditCard,1,0,0
Mid-Market,EMEA,14,29,27,1,1,CreditCard,1,0,0
Mid-Market,LATAM,26,49,18,1,0,CreditCard,0,0,0
Enterprise,NA,12,129,25,1,1,ACH,1,0,1
Mid-Market,EMEA,38,79,19,0,2,CreditCard,1,0,0
Enterprise,APAC,13,49,24,1,0,CreditCard,0,1,0
Enterprise,APAC,13,79,23,0,1,CreditCard,1,0,0
SMB,APAC,32,29,28,2,0,Invoice,1,0,0
Enterprise,LATAM,39,49,24,0,1,Invoice,1,0,0
Mid-Market,NA,44,199,9,5,3,Invoice,1,0,0
Mid-Market,NA,33,29,14,3,1,Invoice,0,0,0
Enterprise,EMEA,7,79,21,2,2,ACH,0,0,0
SMB,NA,29,129,19,3,0,Invoice,1,0,1
Enterprise,APAC,16,199,12,0,0,ACH,0,0,0
Enterprise,APAC,28,49,25,4,0,CreditCard,1,0,0
Mid-Market,LATAM,14,29,21,0,1,CreditCard,0,1,0
SMB,APAC,22,49,17,0,1,ACH,1,0,0
SMB,NA,34,49,21,0,0,Invoice,0,1,0
SMB,APAC,18,199,15,2,0,CreditCard,1,0,0
SMB,EMEA,25,199,18,2,3,CreditCard,1,1,0
Mid-Market,LATAM,23,199,21,1,1,ACH,1,0,0
SMB,LATAM,19,199,21,3,1,ACH,1,0,0
SMB,NA,33,129,19,1,0,Invoice,1,0,0
SMB,APAC,22,79,13,1,0,Invoice,1,0,0
Mid-Market,APAC,24,199,21,0,0,CreditCard,1,0,0
Mid-Market,NA,23,29,15,4,0,CreditCard,1,0,0
SMB,NA,28,49,27,6,1,CreditCard,1,0,1
Mid-Market,EMEA,14,199,27,5,1,Invoice,0,0,1
Enterprise,NA,30,29,19,0,0,CreditCard,1,0,0
SMB,APAC,12,129,17,0,2,CreditCard,1,1,0
Mid-Market,EMEA,12,29,18,0,0,CreditCard,1,1,0
SMB,LATAM,31,29,22,2,0,CreditCard,1,0,0
SMB,APAC,32,129,21,2,2,CreditCard,1,0,0
Mid-Market,LATAM,15,129,29,1,1,Invoice,1,0,0
Enterprise,LATAM,51,49,24,3,0,ACH,1,0,0
SMB,LATAM,31,199,20,0,1,Invoice,0,0,0
Enterprise,APAC,15,29,24,1,0,CreditCard,0,1,0
Mid-Market,LATAM,12,79,18,1,1,ACH,1,0,0
SMB,APAC,20,79,14,3,0,CreditCard,0,0,0
Mid-Market,LATAM,47,49,17,0,0,CreditCard,0,0,1
Mid-Market,NA,30,79,19,2,1,CreditCard,0,0,0
Mid-Market,NA,18,49,20,7,0,ACH,0,1,0
Mid-Market,APAC,17,199,17,1,2,CreditCard,1,0,1
SMB,LATAM,14,49,16,1,1,CreditCard,0,1,1
Enterprise,LATAM,23,129,21,1,0,CreditCard,1,0,0
Enterprise,LATAM,20,129,29,1,0,CreditCard,1,0,1
SMB,NA,15,129,24,0,2,CreditCard,1,0,0
SMB,LATAM,20,129,25,6,0,CreditCard,1,0,0
Enterprise,LATAM,16,129,30,2,0,CreditCard,1,0,0
Enterprise,APAC,21,129,24,0,1,CreditCard,1,1,0
SMB,LATAM,36,129,19,1,1,CreditCard,0,0,0
Mid-Market,NA,42,129,25,1,3,Invoice,0,0,1
SMB,LATAM,46,129,23,2,0,CreditCard,1,0,0
Enterprise,NA,39,199,13,1,0,CreditCard,0,0,0
Mid-Market,NA,25,129,11,2,2,CreditCard,0,0,0
Enterprise,EMEA,42,49,18,0,3,ACH,1,0,0
Mid-Market,NA,34,199,25,1,0,ACH,1,0,0
Enterprise,EMEA,16,79,20,1,0,CreditCard,1,0,0
Mid-Market,EMEA,23,29,17,2,0,ACH,1,0,0
SMB,LATAM,13,199,16,1,1,Invoice,0,0,0
SMB,EMEA,27,129,26,2,0,Invoice,1,1,0
Mid-Market,APAC,16,199,21,0,1,CreditCard,1,0,0
Mid-Market,NA,43,29,25,0,2,Invoice,0,0,0
SMB,APAC,13,29,23,1,0,ACH,1,0,0
SMB,EMEA,15,129,24,0,1,ACH,1,0,0
Mid-Market,LATAM,23,129,17,3,1,ACH,0,1,0
Mid-Market,NA,33,49,22,2,1,Invoice,0,0,1
SMB,APAC,22,29,29,4,2,Invoice,1,0,0
Enterprise,LATAM,39,129,29,2,0,CreditCard,1,1,0
SMB,EMEA,16,29,13,2,1,CreditCard,1,1,0
Mid-Market,LATAM,18,49,21,0,1,Invoice,0,1,1
Mid-Market,APAC,21,79,19,2,1,CreditCard,1,1,0
Enterprise,LATAM,22,29,16,1,1,CreditCard,0,0,0
SMB,APAC,25,49,18,2,0,CreditCard,1,1,0
Mid-Market,LATAM,23,49,19,1,0,ACH,1,1,0
SMB,NA,12,49,15,1,1,ACH,1,0,0
Mid-Market,LATAM,20,199,17,1,1,CreditCard,1,0,0
Enterprise,NA,11,129,14,2,0,ACH,1,0,0
SMB,APAC,13,29,22,0,1,Invoice,0,0,0
SMB,NA,23,199,29,1,0,CreditCard,1,0,1
Enterprise,LATAM,32,29,26,2,0,CreditCard,1,1,0
Mid-Market,NA,30,199,23,3,0,Invoice,1,0,1
Mid-Market,APAC,11,129,15,0,0,Invoice,1,0,1
SMB,LATAM,35,49,20,1,1,CreditCard,1,0,0
Enterprise,NA,35,29,30,0,1,ACH,1,0,0
SMB,NA,21,49,18,1,1,ACH,1,0,0
SMB,EMEA,23,129,20,2,2,CreditCard,0,0,0
Mid-Market,NA,36,29,22,2,1,Invoice,1,0,0
Mid-Market,EMEA,43,79,23,4,0,CreditCard,1,1,0
Mid-Market,APAC,32,79,19,2,0,ACH,0,1,1
Mid-Market,EMEA,16,79,17,1,0,CreditCard,1,0,0
Mid-Market,APAC,26,129,15,3,1,Invoice,0,0,0
Enterprise,NA,26,79,24,1,1,CreditCard,1,0,1
SMB,NA,28,29,28,2,1,CreditCard,1,0,0
Enterprise,EMEA,13,79,14,1,0,CreditCard,1,0,0
SMB,APAC,23,29,14,3,1,CreditCard,1,0,0
Mid-Market,NA,16,129,18,2,0,Invoice,1,0,0
Enterprise,EMEA,28,49,15,1,0,CreditCard,1,0,0
SMB,EMEA,14,199,18,0,0,ACH,0,0,0
Mid-Market,EMEA,22,79,20,1,0,Invoice,1,0,0
Mid-Market,NA,17,199,20,2,0,ACH,1,0,0
Enterprise,APAC,26,49,16,2,0,CreditCard,0,0,0
Enterprise,NA,29,129,21,1,0,ACH,1,0,0
Enterprise,LATAM,16,129,23,0,1,CreditCard,0,0,0
Mid-Market,LATAM,19,49,17,1,1,CreditCard,0,0,0
SMB,NA,19,199,15,0,2,CreditCard,1,0,0
SMB,APAC,30,79,16,1,0,ACH,1,1,0
Enterprise,EMEA,31,29,21,2,0,ACH,0,0,0
SMB,LATAM,15,129,18,3,1,CreditCard,1,0,0
Mid-Market,LATAM,13,49,22,1,0,CreditCard,0,0,1
SMB,NA,12,199,28,2,1,ACH,1,1,1
Mid-Market,LATAM,35,79,16,0,1,CreditCard,1,0,0
Enterprise,LATAM,31,199,24,2,2,CreditCard,1,0,0
SMB,EMEA,23,79,23,0,2,Invoice,1,1,1
Mid-Market,EMEA,39,29,18,2,0,CreditCard,1,0,0
Enterprise,APAC,18,29,15,2,0,CreditCard,1,1,0
Enterprise,LATAM,21,49,18,0,1,Invoice,1,0,0
Enterprise,APAC,30,49,17,2,0,CreditCard,0,0,0
Enterprise,APAC,14,79,24,1,0,ACH,1,1,0
SMB,EMEA,48,79,17,2,1,ACH,1,0,0
Mid-Market,EMEA,18,79,24,3,0,CreditCard,1,0,0
SMB,NA,26,79,11,3,1,Invoice,1,0,1
Mid-Market,EMEA,27,29,13,3,0,ACH,1,0,1
Enterprise,APAC,25,49,21,1,2,CreditCard,1,0,1
SMB,LATAM,14,49,17,2,1,CreditCard,1,0,0
Enterprise,APAC,34,129,15,2,1,Invoice,1,0,0
Mid-Market,APAC,37,49,21,0,0,ACH,1,0,1
Enterprise,APAC,22,49,18,2,1,CreditCard,1,0,0
SMB,EMEA,22,199,18,2,0,Invoice,1,1,0
SMB,APAC,39,199,24,2,0,CreditCard,1,1,1
Mid-Market,NA,10,129,15,2,1,ACH,1,0,1
Mid-Market,LATAM,22,79,25,2,1,Invoice,1,0,0
SMB,EMEA,14,129,17,1,0,CreditCard,1,1,0
SMB,APAC,37,129,26,0,0,ACH,1,1,0
SMB,NA,30,29,17,0,0,CreditCard,1,0,0
SMB,LATAM,30,49,25,0,3,ACH,1,0,1
Mid-Market,APAC,28,29,23,1,1,CreditCard,1,0,0
SMB,LATAM,39,49,17,4,1,CreditCard,0,0,1
Mid-Market,EMEA,21,129,23,2,0,CreditCard,1,0,0
SMB,EMEA,29,49,16,2,2,CreditCard,0,0,0
SMB,NA,31,79,25,1,1,ACH,1,0,0
Enterprise,EMEA,22,79,29,1,2,ACH,0,1,0
Enterprise,NA,25,129,24,2,0,Invoice,0,0,1
SMB,APAC,19,199,24,0,1,CreditCard,1,0,0
Mid-Market,LATAM,28,79,21,1,1,Invoice,1,0,0
SMB,EMEA,24,129,16,9,0,CreditCard,1,0,0
Enterprise,LATAM,26,29,15,0,1,CreditCard,0,0,0
SMB,LATAM,31,199,17,2,0,CreditCard,1,0,1
Enterprise,APAC,40,79,27,3,1,Invoice,1,0,0
SMB,APAC,26,129,16,1,0,CreditCard,1,0,0
SMB,EMEA,18,129,23,1,0,CreditCard,1,0,1
Mid-Market,APAC,30,29,14,0,1,CreditCard,0,0,0
Enterprise,LATAM,8,29,17,0,1,CreditCard,1,0,0
Enterprise,NA,5,199,13,2,0,Invoice,1,0,0
Enterprise,NA,37,79,23,2,0,CreditCard,1,0,0
Mid-Market,NA,13,129,12,3,2,CreditCard,1,0,0
SMB,EMEA,16,199,27,2,0,Invoice,1,0,0
Mid-Market,APAC,19,199,29,4,0,Invoice,0,0,0
SMB,APAC,32,29,22,1,1,CreditCard,0,0,0
Mid-Market,APAC,11,129,22,5,0,ACH,0,0,0
Mid-Market,APAC,13,49,21,2,1,CreditCard,1,0,0
Enterprise,LATAM,37,29,15,3,0,ACH,0,1,1
Mid-Market,NA,21,129,23,1,0,ACH,1,0,0
SMB,LATAM,26,199,18,3,0,CreditCard,1,0,0
Mid-Market,EMEA,45,199,29,3,0,Invoice,1,0,0
Mid-Market,NA,21,79,20,0,0,CreditCard,1,0,0
SMB,NA,21,49,18,0,1,ACH,0,0,1
Enterprise,LATAM,26,29,22,2,0,Invoice,1,0,0
SMB,EMEA,34,79,16,3,1,CreditCard,1,0,0
SMB,EMEA,22,79,19,0,0,CreditCard,0,0,0
SMB,NA,33,49,20,3,0,CreditCard,1,0,1
Mid-Market,APAC,23,29,16,0,0,ACH,1,0,0
Mid-Market,EMEA,6,29,24,2,2,Invoice,0,0,0
SMB,LATAM,14,199,18,2,0,CreditCard,1,0,0
SMB,EMEA,19,29,25,2,1,CreditCard,1,0,0
Enterprise,NA,10,79,23,1,2,CreditCard,1,0,0
Mid-Market,APAC,27,199,24,3,0,ACH,1,1,0
Mid-Market,EMEA,17,29,29,2,0,ACH,0,0,0
Mid-Market,NA,17,49,21,2,0,CreditCard,0,0,0
Mid-Market,EMEA,19,79,26,4,1,CreditCard,1,0,0
SMB,APAC,11,129,19,1,0,CreditCard,1,1,0
SMB,LATAM,28,49,18,5,1,CreditCard,0,0,1
Enterprise,NA,37,49,23,1,0,CreditCard,0,0,0
Mid-Market,NA,26,29,21,1,0,CreditCard,0,0,1
Mid-Market,APAC,35,199,18,1,0,ACH,1,0,0
SMB,NA,10,199,15,2,1,CreditCard,1,0,1
Enterprise,APAC,30,79,19,0,0,CreditCard,1,0,0
SMB,NA,29,29,20,1,1,ACH,0,0,0
Mid-Market,APAC,29,199,17,3,0,Invoice,0,0,1
Mid-Market,EMEA,28,129,14,2,1,CreditCard,1,0,1
Enterprise,EMEA,26,29,24,1,0,CreditCard,1,0,0
SMB,EMEA,47,29,20,2,0,Invoice,1,0,0
Mid-Market,NA,12,199,26,0,2,CreditCard,0,0,0
Mid-Market,APAC,43,49,17,3,0,CreditCard,0,0,0
Enterprise,APAC,30,29,22,2,0,Invoice,1,0,0
Mid-Market,LATAM,23,49,23,0,1,ACH,1,0,1
Mid-Market,EMEA,27,79,23,2,1,ACH,0,0,0
SMB,LATAM,11,79,21,4,1,CreditCard,1,0,1
Enterprise,EMEA,18,199,27,3,0,CreditCard,1,0,0
Enterprise,LATAM,27,79,27,1,1,CreditCard,1,1,0
Enterprise,EMEA,36,199,18,1,0,CreditCard,1,1,0
SMB,APAC,23,199,16,2,1,CreditCard,1,0,0
Enterprise,EMEA,16,49,20,1,0,CreditCard,1,0,0
Mid-Market,NA,20,49,18,1,1,CreditCard,1,0,0
Enterprise,EMEA,19,79,15,1,0,ACH,0,0,0
Mid-Market,EMEA,19,49,27,0,0,Invoice,1,0,0
Enterprise,APAC,10,29,20,2,1,ACH,1,1,0
Enterprise,NA,40,129,13,2,1,ACH,1,1,0
SMB,APAC,32,29,19,2,0,CreditCard,1,1,1
Enterprise,LATAM,31,29,21,1,1,CreditCard,1,1,0
Enterprise,LATAM,26,199,21,1,0,CreditCard,1,0,0
SMB,NA,24,129,15,2,1,CreditCard,0,1,0
Mid-Market,LATAM,34,199,17,0,1,ACH,1,0,0
Enterprise,NA,29,49,16,1,2,Invoice,1,1,1
Enterprise,EMEA,21,49,21,3,0,Invoice,1,0,1
Mid-Market,LATAM,47,129,19,3,0,CreditCard,1,0,1
SMB,EMEA,32,79,17,3,2,Invoice,1,0,0
Enterprise,APAC,23,49,21,4,0,CreditCard,1,0,0
SMB,LATAM,23,29,22,3,0,CreditCard,1,0,0
Mid-Market,APAC,8,129,14,0,2,CreditCard,1,1,0
Mid-Market,APAC,15,129,19,0,1,ACH,0,0,0
SMB,NA,10,49,18,4,1,ACH,1,0,1
Mid-Market,APAC,18,49,21,3,2,CreditCard,0,0,1
Mid-Market,NA,27,199,14,1,1,CreditCard,0,0,0
Enterprise,NA,17,199,15,1,2,CreditCard,0,0,1
SMB,NA,19,29,17,1,0,CreditCard,1,0,0
Enterprise,NA,22,129,24,3,1,Invoice,1,0,0
SMB,NA,44,79,23,3,0,Invoice,1,1,0
Enterprise,EMEA,13,79,22,3,1,Invoice,1,1,0
Mid-Market,NA,15,129,14,2,1,CreditCard,0,0,1
SMB,LATAM,38,29,19,1,0,CreditCard,1,1,0
SMB,NA,20,199,16,4,1,Invoice,0,0,0
SMB,EMEA,18,199,17,0,2,Invoice,1,0,0
SMB,LATAM,9,199,22,1,1,CreditCard,0,0,0
Mid-Market,LATAM,27,79,18,2,2,ACH,1,0,1
Mid-Market,EMEA,15,79,17,0,0,CreditCard,1,0,0
Mid-Market,LATAM,25,29,23,1,2,Invoice,1,1,0
Enterprise,EMEA,31,79,26,1,1,CreditCard,0,0,0
Mid-Market,APAC,23,49,15,1,0,Invoice,1,0,0
Enterprise,APAC,37,79,18,0,1,CreditCard,1,1,0
Enterprise,NA,20,199,21,1,1,CreditCard,1,0,0
Mid-Market,NA,21,29,18,0,0,CreditCard,0,0,0
Mid-Market,NA,38,129,20,2,0,CreditCard,1,1,0
Mid-Market,NA,34,129,26,0,0,CreditCard,0,1,0
Enterprise,EMEA,22,29,26,0,0,ACH,0,1,0
SMB,APAC,38,49,17,2,1,CreditCard,0,0,0
Mid-Market,EMEA,25,129,18,1,1,ACH,0,0,0
Enterprise,LATAM,19,199,18,1,1,CreditCard,1,0,1
Enterprise,LATAM,37,129,19,2,0,CreditCard,0,0,0
Mid-Market,LATAM,16,129,21,1,1,ACH,1,0,0
Enterprise,LATAM,12,199,22,0,0,CreditCard,0,1,1
Mid-Market,LATAM,44,79,22,3,0,Invoice,1,1,0
Enterprise,APAC,15,49,25,2,0,ACH,1,0,0
SMB,EMEA,30,199,21,1,0,ACH,1,0,0
Enterprise,LATAM,46,199,24,3,0,CreditCard,1,0,0
Mid-Market,NA,18,29,16,4,1,CreditCard,0,0,0
SMB,APAC,22,49,18,3,1,Invoice,0,0,1
Mid-Market,NA,30,79,15,2,1,CreditCard,1,0,1
Enterprise,APAC,29,199,21,2,0,Invoice,1,0,1
SMB,APAC,42,79,11,4,1,CreditCard,0,0,0
SMB,NA,14,199,15,3,2,CreditCard,1,0,1
Enterprise,NA,32,199,10,2,0,ACH,1,0,0
SMB,LATAM,19,29,27,4,1,Invoice,1,0,1
SMB,NA,36,129,13,1,0,CreditCard,1,0,0
SMB,EMEA,27,49,13,2,0,CreditCard,1,0,0
Mid-Market,APAC,15,29,23,0,2,ACH,0,0,0
Mid-Market,APAC,24,79,19,1,2,CreditCard,1,0,0
SMB,LATAM,11,199,17,0,0,CreditCard,1,0,1
Enterprise,APAC,31,199,16,1,1,CreditCard,1,0,1
Enterprise,NA,14,49,20,3,2,CreditCard,0,1,0
Mid-Market,APAC,26,29,18,3,1,ACH,1,0,0
Enterprise,APAC,32,29,21,2,0,Invoice,0,0,0
SMB,NA,21,79,23,0,1,CreditCard,1,0,0
Enterprise,NA,24,29,13,2,1,CreditCard,1,0,0
Mid-Market,APAC,33,29,18,1,1,CreditCard,1,0,0
Mid-Market,EMEA,27,129,20,0,0,CreditCard,1,1,0
SMB,NA,21,49,17,2,0,CreditCard,1,0,0
Mid-Market,EMEA,16,29,20,2,1,ACH,1,1,0
Mid-Market,EMEA,36,79,27,1,0,CreditCard,1,1,0
Mid-Market,LATAM,24,199,17,1,0,ACH,1,0,0
Enterprise,EMEA,17,29,22,2,1,Invoice,1,0,1
Mid-Market,LATAM,12,29,19,1,1,Invoice,1,1,0
Enterprise,EMEA,24,199,18,0,1,CreditCard,1,0,0
Mid-Market,LATAM,21,129,20,4,0,CreditCard,1,0,0
Mid-Market,NA,16,49,16,4,0,CreditCard,1,0,0
Enterprise,APAC,27,129,17,2,0,Invoice,1,0,1
Enterprise,APAC,16,79,16,1,1,Invoice,1,0,0
SMB,LATAM,39,29,19,1,1,Invoice,1,1,0
SMB,NA,19,129,29,0,0,ACH,1,0,0
Enterprise,LATAM,11,49,17,1,1,CreditCard,1,0,0
Mid-Market,LATAM,25,79,19,2,2,Invoice,0,0,1
SMB,NA,32,129,25,5,1,Invoice,1,1,0
Enterprise,EMEA,14,29,25,1,1,Invoice,1,0,0
Enterprise,EMEA,29,49,24,0,1,CreditCard,0,0,0
Mid-Market,NA,31,29,17,3,2,CreditCard,1,0,0
Enterprise,LATAM,24,29,15,1,0,CreditCard,0,0,1
SMB,APAC,41,79,23,2,1,Invoice,1,0,0
Mid-Market,LATAM,16,49,15,3,3,Invoice,1,1,0
Enterprise,EMEA,14,199,18,1,0,CreditCard,1,1,0
Enterprise,NA,18,29,13,2,1,ACH,0,0,0
Mid-Market,NA,20,49,18,2,0,CreditCard,1,0,0
Mid-Market,NA,19,29,32,1,0,CreditCard,1,1,0
Mid-Market,EMEA,15,129,23,0,1,CreditCard,1,0,0
SMB,LATAM,19,129,22,1,1,CreditCard,1,0,1
SMB,NA,22,49,9,2,0,CreditCard,1,0,0
Enterprise,APAC,30,79,28,1,1,CreditCard,1,0,0
Enterprise,NA,25,199,19,1,0,ACH,0,1,0
Mid-Market,LATAM,30,129,24,1,1,CreditCard,0,0,0
Enterprise,EMEA,17,79,12,1,0,Invoice,1,0,1
Enterprise,APAC,22,199,23,2,0,ACH,1,1,0
