ProductId,ProductName,ProductType,Color,OrderQuantity,Size,Category,Country,Date,PurchasePrice,SellingPrice
002,Bike Pump,Accessory,Black,47,Large,Tools,Spain,2026-09-08,105.57,204.07
004,Bike Bell,Accessory,Blue,65,Small,Bells,Italy,2023-10-27,50.63,159.32
001,Bike Lock,Accessory,Blue,25,Large,Hydration,UK,2026-02-12,88.79,297.57
003,Bike Light,Accessory,Yellow,67,Medium,Lights,Spain,2026-11-14,83.38,392.76
005,Bike Helmet,Safety,Black,56,Large,Helmets,UK,2027-12-28,84.61,133.83
003,Bike Light,Accessory,Red,58,Small,Lights,France,2027-12-25,127.95,271.83
004,Bike Bell,Accessory,Blue,57,Medium,Bells,Germany,2027-12-13,103.44,153.63
004,Bike Bell,Accessory,Blue,46,Large,Bells,Germany,2024-06-10,95.69,317.72
001,Bike Lock,Accessory,Green,36,Medium,Hydration,Germany,2023-11-02,88.42,370.9
001,Bike Lock,Accessory,Black,54,Small,Hydration,Italy,2027-07-17,65.0,212.47
004,Bike Bell,Accessory,Blue,48,Small,Bells,Italy,2027-02-03,92.99,206.2
003,Bike Light,Accessory,Yellow,33,Medium,Lights,Germany,2023-08-30,147.11,300.42
005,Bike Helmet,Safety,Black,30,Large,Helmets,Spain,2027-06-29,73.87,222.68
005,Bike Helmet,Safety,Blue,26,Medium,Helmets,Spain,2023-03-04,70.55,378.43
005,Bike Helmet,Safety,Green,61,Medium,Helmets,Spain,2025-02-28,52.52,380.29
001,Bike Lock,Accessory,Red,59,Medium,Hydration,Spain,2024-12-18,120.03,185.79
005,Bike Helmet,Safety,Green,61,Medium,Helmets,France,2025-02-12,66.49,366.83
004,Bike Bell,Accessory,Red,61,Large,Bells,Spain,2023-04-14,132.42,396.18
002,Bike Pump,Accessory,Red,51,Large,Tools,Italy,2026-11-08,141.17,154.18
001,Bike Lock,Accessory,Blue,36,Large,Hydration,Spain,2026-07-31,54.79,223.2
001,Bike Lock,Accessory,Blue,58,Small,Hydration,Spain,2027-01-14,61.53,178.22
001,Bike Lock,Accessory,Blue,31,Medium,Hydration,France,2025-09-04,142.07,322.19
003,Bike Light,Accessory,Red,45,Small,Lights,UK,2025-06-30,130.45,304.68
001,Bike Lock,Accessory,Yellow,27,Medium,Hydration,Germany,2027-08-05,124.83,360.4
003,Bike Light,Accessory,Black,55,Medium,Lights,France,2025-09-12,134.43,245.27
005,Bike Helmet,Safety,Red,56,Medium,Helmets,UK,2023-06-30,133.17,244.06
001,Bike Lock,Accessory,Yellow,27,Small,Hydration,Germany,2023-12-14,117.34,395.69
002,Bike Pump,Accessory,Black,70,Small,Tools,UK,2025-09-12,63.69,338.95
002,Bike Pump,Accessory,Black,63,Large,Tools,Italy,2024-02-05,137.91,218.23
004,Bike Bell,Accessory,Green,54,Medium,Bells,Italy,2024-04-12,130.79,228.47
002,Bike Pump,Accessory,Blue,43,Small,Tools,Spain,2024-12-24,103.88,162.51
004,Bike Bell,Accessory,Black,25,Medium,Bells,Germany,2026-08-23,90.34,280.65
003,Bike Light,Accessory,Blue,46,Large,Lights,UK,2025-07-28,113.71,251.71
004,Bike Bell,Accessory,Red,45,Medium,Bells,France,2024-05-26,79.37,279.28
002,Bike Pump,Accessory,Yellow,36,Large,Tools,Italy,2023-07-20,147.54,187.74
002,Bike Pump,Accessory,Red,62,Medium,Tools,Spain,2024-12-08,88.67,222.55
003,Bike Light,Accessory,Green,66,Medium,Lights,Spain,2024-09-09,138.27,238.56
004,Bike Bell,Accessory,Blue,70,Large,Bells,Italy,2024-03-30,96.12,136.36
002,Bike Pump,Accessory,Yellow,54,Medium,Tools,France,2027-05-21,93.09,362.71
004,Bike Bell,Accessory,Blue,53,Small,Bells,Spain,2023-08-10,63.02,274.27
005,Bike Helmet,Safety,Green,37,Medium,Helmets,UK,2025-10-27,81.93,162.82
001,Bike Lock,Accessory,Yellow,48,Large,Hydration,UK,2025-06-22,89.16,219.43
005,Bike Helmet,Safety,Blue,45,Small,Helmets,Italy,2026-09-15,84.63,306.86
005,Bike Helmet,Safety,Green,57,Small,Helmets,Italy,2027-11-20,80.28,143.66
005,Bike Helmet,Safety,Yellow,52,Large,Helmets,UK,2023-07-16,136.36,380.13
004,Bike Bell,Accessory,Blue,47,Medium,Bells,France,2025-10-02,69.83,197.71
005,Bike Helmet,Safety,Blue,40,Medium,Helmets,UK,2024-08-21,101.1,188.5
003,Bike Light,Accessory,Blue,51,Medium,Lights,Germany,2023-06-15,65.95,143.96
001,Bike Lock,Accessory,Black,60,Large,Hydration,Spain,2025-10-23,121.3,139.35
002,Bike Pump,Accessory,Black,55,Small,Tools,Spain,2023-07-25,134.69,224.93
001,Bike Lock,Accessory,Yellow,35,Large,Hydration,UK,2026-11-04,109.99,139.17
004,Bike Bell,Accessory,Yellow,41,Large,Bells,UK,2024-01-06,146.4,317.72
002,Bike Pump,Accessory,Green,40,Medium,Tools,Italy,2023-10-18,126.92,357.02
002,Bike Pump,Accessory,Red,70,Medium,Tools,Germany,2026-08-20,107.22,178.22
005,Bike Helmet,Safety,Black,36,Small,Helmets,Spain,2027-10-10,149.85,261.64
002,Bike Pump,Accessory,Yellow,25,Large,Tools,Germany,2023-06-07,111.19,167.0
001,Bike Lock,Accessory,Yellow,53,Large,Hydration,France,2024-03-09,62.6,321.27
003,Bike Light,Accessory,Black,53,Medium,Lights,France,2025-02-20,56.6,392.47
002,Bike Pump,Accessory,Yellow,28,Small,Tools,Germany,2023-10-04,66.36,342.39
003,Bike Light,Accessory,Black,55,Small,Lights,France,2025-04-02,98.27,377.22
002,Bike Pump,Accessory,Red,53,Large,Tools,UK,2024-03-28,132.5,370.2
005,Bike Helmet,Safety,Yellow,25,Small,Helmets,Italy,2024-01-24,86.64,132.51
001,Bike Lock,Accessory,Red,51,Small,Hydration,UK,2024-03-24,72.08,126.88
001,Bike Lock,Accessory,Yellow,57,Large,Hydration,France,2025-10-09,142.47,171.96
003,Bike Light,Accessory,Blue,60,Medium,Lights,Italy,2024-04-05,77.88,204.85
004,Bike Bell,Accessory,Yellow,26,Small,Bells,Spain,2025-01-24,96.22,336.13
004,Bike Bell,Accessory,Green,56,Small,Bells,Italy,2023-12-18,97.77,155.77
001,Bike Lock,Accessory,Blue,35,Medium,Hydration,France,2024-11-27,114.6,334.13
005,Bike Helmet,Safety,Green,40,Small,Helmets,UK,2027-05-19,121.12,310.68
001,Bike Lock,Accessory,Black,37,Medium,Hydration,Germany,2026-02-06,129.29,294.82
003,Bike Light,Accessory,Black,69,Large,Lights,Italy,2027-11-15,74.66,196.84
005,Bike Helmet,Safety,Green,41,Large,Helmets,Germany,2024-11-29,98.66,137.63
002,Bike Pump,Accessory,Blue,62,Large,Tools,Italy,2026-12-22,135.02,326.47
003,Bike Light,Accessory,Blue,30,Medium,Lights,Spain,2026-10-01,86.66,223.45
001,Bike Lock,Accessory,Red,29,Small,Hydration,Spain,2024-03-14,147.78,281.84
005,Bike Helmet,Safety,Black,44,Large,Helmets,Italy,2025-09-19,94.94,222.14
004,Bike Bell,Accessory,Red,65,Large,Bells,Spain,2025-07-17,147.77,362.38
003,Bike Light,Accessory,Yellow,69,Small,Lights,Italy,2023-04-26,50.09,135.98
004,Bike Bell,Accessory,Green,40,Small,Bells,France,2024-05-15,75.22,368.1
001,Bike Lock,Accessory,Black,30,Medium,Hydration,Italy,2027-04-19,51.11,241.72
003,Bike Light,Accessory,Red,33,Small,Lights,France,2024-05-23,111.8,141.22
003,Bike Light,Accessory,Blue,58,Small,Lights,Germany,2024-11-29,67.13,151.36
004,Bike Bell,Accessory,Black,70,Large,Bells,France,2027-12-15,53.87,159.9
005,Bike Helmet,Safety,Black,52,Large,Helmets,France,2027-06-21,70.24,211.12
002,Bike Pump,Accessory,Green,53,Large,Tools,France,2024-12-12,132.79,151.5
004,Bike Bell,Accessory,Yellow,46,Small,Bells,Italy,2025-08-28,70.47,331.7
003,Bike Light,Accessory,Blue,62,Medium,Lights,France,2027-03-26,90.42,382.14
005,Bike Helmet,Safety,Blue,53,Medium,Helmets,Italy,2023-09-15,99.04,234.74
003,Bike Light,Accessory,Green,32,Small,Lights,Germany,2025-01-13,130.4,311.73
002,Bike Pump,Accessory,Blue,35,Large,Tools,UK,2023-07-30,66.31,277.53
002,Bike Pump,Accessory,Yellow,58,Medium,Tools,Italy,2025-02-27,99.34,399.85
001,Bike Lock,Accessory,Red,49,Large,Hydration,Italy,2026-07-19,74.31,215.98
001,Bike Lock,Accessory,Yellow,28,Large,Hydration,Germany,2026-08-09,145.84,164.46
001,Bike Lock,Accessory,Blue,25,Small,Hydration,UK,2026-11-11,93.73,296.7
001,Bike Lock,Accessory,Green,51,Large,Hydration,UK,2025-11-26,69.27,395.83
004,Bike Bell,Accessory,Red,57,Large,Bells,Italy,2024-10-27,129.99,353.06
004,Bike Bell,Accessory,Black,36,Medium,Bells,Germany,2027-02-14,128.91,333.05
004,Bike Bell,Accessory,Black,26,Medium,Bells,France,2025-10-24,120.51,240.42
002,Bike Pump,Accessory,Blue,50,Large,Tools,Spain,2026-01-04,123.3,130.5
003,Bike Light,Accessory,Green,38,Large,Lights,UK,2024-12-02,137.04,285.57
001,Bike Lock,Accessory,Blue,61,Small,Hydration,Spain,2026-06-07,135.26,145.43
001,Bike Lock,Accessory,Blue,67,Large,Hydration,UK,2026-03-22,148.39,290.85
002,Bike Pump,Accessory,Yellow,58,Small,Tools,France,2023-03-13,109.09,357.72
004,Bike Bell,Accessory,Blue,46,Large,Bells,France,2023-09-13,109.85,383.09
002,Bike Pump,Accessory,Red,44,Small,Tools,Italy,2025-11-12,81.47,330.31
003,Bike Light,Accessory,Green,25,Large,Lights,Italy,2023-08-04,149.1,299.08
005,Bike Helmet,Safety,Red,55,Large,Helmets,Spain,2027-01-19,99.59,242.9
001,Bike Lock,Accessory,Red,27,Small,Hydration,Spain,2027-02-13,110.73,209.06
003,Bike Light,Accessory,Yellow,40,Small,Lights,UK,2025-05-29,103.92,357.92
004,Bike Bell,Accessory,Black,47,Large,Bells,Italy,2023-09-12,125.88,399.89
004,Bike Bell,Accessory,Blue,38,Large,Bells,France,2023-05-04,112.11,291.38
005,Bike Helmet,Safety,Yellow,46,Large,Helmets,Spain,2025-10-25,58.53,155.79
004,Bike Bell,Accessory,Yellow,35,Small,Bells,France,2026-04-21,73.43,255.81
002,Bike Pump,Accessory,Blue,32,Medium,Tools,Germany,2023-01-05,136.66,185.84
001,Bike Lock,Accessory,Green,45,Large,Hydration,France,2023-01-14,77.72,147.91
001,Bike Lock,Accessory,Black,50,Large,Hydration,Spain,2026-04-25,145.22,204.22
005,Bike Helmet,Safety,Red,63,Small,Helmets,Italy,2026-11-08,59.65,242.85
003,Bike Light,Accessory,Blue,56,Large,Lights,Spain,2024-01-04,54.3,208.7
004,Bike Bell,Accessory,Black,33,Large,Bells,Italy,2023-06-15,61.81,375.06
001,Bike Lock,Accessory,Black,66,Small,Hydration,Germany,2023-09-27,120.35,145.34
002,Bike Pump,Accessory,Green,55,Medium,Tools,Spain,2023-04-14,116.79,196.51
005,Bike Helmet,Safety,Green,30,Large,Helmets,UK,2023-12-02,67.01,273.95
005,Bike Helmet,Safety,Green,56,Large,Helmets,UK,2027-04-08,89.5,396.47
005,Bike Helmet,Safety,Black,70,Small,Helmets,Germany,2024-04-25,77.08,394.9
004,Bike Bell,Accessory,Black,33,Small,Bells,France,2026-08-07,124.25,183.48
001,Bike Lock,Accessory,Blue,35,Large,Hydration,Germany,2024-05-20,148.95,299.24
003,Bike Light,Accessory,Red,68,Large,Lights,Germany,2024-10-25,113.25,227.4
001,Bike Lock,Accessory,Red,58,Small,Hydration,Spain,2026-08-23,74.3,140.29
003,Bike Light,Accessory,Green,55,Small,Lights,France,2023-03-06,71.18,387.9
003,Bike Light,Accessory,Blue,47,Medium,Lights,Italy,2027-12-18,84.95,183.22
004,Bike Bell,Accessory,Yellow,51,Medium,Bells,France,2025-01-28,81.11,202.3
001,Bike Lock,Accessory,Yellow,51,Small,Hydration,Germany,2025-11-05,68.89,131.19
005,Bike Helmet,Safety,Blue,70,Large,Helmets,Spain,2025-07-01,107.96,318.92
002,Bike Pump,Accessory,Yellow,53,Medium,Tools,Spain,2025-09-21,145.64,220.88
003,Bike Light,Accessory,Red,36,Small,Lights,France,2025-09-04,143.25,233.86
001,Bike Lock,Accessory,Green,38,Medium,Hydration,Italy,2027-01-18,84.6,335.78
005,Bike Helmet,Safety,Green,31,Large,Helmets,Germany,2025-04-07,57.65,222.8
004,Bike Bell,Accessory,Yellow,51,Small,Bells,Germany,2026-08-07,133.38,397.73
005,Bike Helmet,Safety,Green,49,Small,Helmets,Germany,2025-06-26,122.85,308.69
004,Bike Bell,Accessory,Yellow,49,Large,Bells,UK,2027-06-25,108.3,138.26
003,Bike Light,Accessory,Yellow,25,Small,Lights,Spain,2024-12-25,56.43,276.33
001,Bike Lock,Accessory,Green,63,Small,Hydration,France,2024-11-30,138.71,160.5
003,Bike Light,Accessory,Black,34,Large,Lights,France,2026-10-19,144.73,308.64
003,Bike Light,Accessory,Yellow,60,Small,Lights,France,2023-07-09,78.81,385.94
002,Bike Pump,Accessory,Red,58,Large,Tools,UK,2023-04-24,98.32,159.2
001,Bike Lock,Accessory,Red,52,Large,Hydration,France,2026-07-12,102.74,306.98
005,Bike Helmet,Safety,Black,65,Small,Helmets,Germany,2023-03-19,116.83,263.71
002,Bike Pump,Accessory,Blue,56,Large,Tools,France,2025-09-08,142.38,271.58
004,Bike Bell,Accessory,Green,33,Medium,Bells,Spain,2024-11-04,52.9,281.09
001,Bike Lock,Accessory,Red,36,Large,Hydration,Spain,2025-11-06,75.04,342.79
005,Bike Helmet,Safety,Yellow,55,Large,Helmets,Germany,2027-02-16,54.93,135.49
003,Bike Light,Accessory,Black,48,Small,Lights,France,2024-02-22,68.51,286.12
005,Bike Helmet,Safety,Green,69,Small,Helmets,UK,2025-06-05,90.43,143.79
003,Bike Light,Accessory,Red,33,Medium,Lights,France,2024-01-12,77.73,246.53
001,Bike Lock,Accessory,Red,50,Medium,Hydration,Germany,2025-02-02,141.24,394.49
004,Bike Bell,Accessory,Blue,70,Small,Bells,Germany,2023-09-08,101.09,166.2
001,Bike Lock,Accessory,Yellow,65,Large,Hydration,France,2025-05-14,129.77,354.86
001,Bike Lock,Accessory,Green,61,Large,Hydration,Germany,2025-03-17,134.06,344.38
003,Bike Light,Accessory,Blue,63,Large,Lights,France,2024-12-23,79.98,283.95
003,Bike Light,Accessory,Red,39,Large,Lights,UK,2023-03-17,114.19,138.75
001,Bike Lock,Accessory,Blue,57,Medium,Hydration,Italy,2023-06-12,83.15,348.42
004,Bike Bell,Accessory,Yellow,47,Medium,Bells,UK,2026-01-31,100.27,272.54
001,Bike Lock,Accessory,Red,58,Medium,Hydration,Germany,2024-06-03,64.24,157.92
005,Bike Helmet,Safety,Red,67,Medium,Helmets,Spain,2025-10-24,105.1,192.47
001,Bike Lock,Accessory,Green,27,Large,Hydration,Italy,2024-01-17,81.32,146.93
002,Bike Pump,Accessory,Red,70,Small,Tools,Italy,2023-09-14,124.46,317.1
004,Bike Bell,Accessory,Red,38,Small,Bells,Germany,2024-04-15,116.61,201.24
002,Bike Pump,Accessory,Yellow,38,Medium,Tools,Germany,2023-12-11,95.48,142.89
004,Bike Bell,Accessory,Green,59,Large,Bells,Germany,2023-10-08,113.69,151.75
004,Bike Bell,Accessory,Red,57,Small,Bells,Germany,2023-04-01,51.9,258.03
004,Bike Bell,Accessory,Green,48,Small,Bells,France,2027-01-17,66.25,370.39
003,Bike Light,Accessory,Blue,42,Large,Lights,Spain,2023-10-05,97.06,126.37
003,Bike Light,Accessory,Red,29,Large,Lights,Italy,2023-05-23,120.35,187.7
002,Bike Pump,Accessory,Blue,68,Medium,Tools,Germany,2024-12-24,102.73,352.99
002,Bike Pump,Accessory,Green,31,Small,Tools,France,2026-07-12,123.67,148.66
004,Bike Bell,Accessory,Yellow,48,Small,Bells,Germany,2024-09-02,114.08,322.07
002,Bike Pump,Accessory,Green,56,Small,Tools,Spain,2025-07-30,91.22,234.02
003,Bike Light,Accessory,Black,66,Large,Lights,Spain,2026-01-26,99.44,259.81
005,Bike Helmet,Safety,Green,47,Small,Helmets,Italy,2027-07-14,101.3,349.27
004,Bike Bell,Accessory,Black,43,Small,Bells,UK,2026-08-27,134.7,329.23
003,Bike Light,Accessory,Blue,27,Small,Lights,Spain,2025-12-25,96.08,275.63
003,Bike Light,Accessory,Red,35,Large,Lights,Italy,2026-02-25,52.12,256.02
002,Bike Pump,Accessory,Red,43,Large,Tools,Germany,2025-12-08,71.4,216.44
003,Bike Light,Accessory,Red,64,Medium,Lights,Italy,2023-08-13,107.55,358.77
002,Bike Pump,Accessory,Black,59,Small,Tools,France,2026-07-02,92.58,366.66
004,Bike Bell,Accessory,Red,35,Medium,Bells,France,2027-06-30,66.58,308.0
001,Bike Lock,Accessory,Black,70,Medium,Hydration,Italy,2026-05-17,77.06,199.69
003,Bike Light,Accessory,Black,27,Medium,Lights,France,2027-04-11,139.84,126.35
002,Bike Pump,Accessory,Blue,42,Medium,Tools,Spain,2024-10-17,132.43,388.55
004,Bike Bell,Accessory,Yellow,43,Small,Bells,UK,2025-06-05,110.39,212.86
005,Bike Helmet,Safety,Blue,62,Small,Helmets,Italy,2026-08-23,73.16,275.25
005,Bike Helmet,Safety,Black,63,Large,Helmets,UK,2026-11-11,68.87,203.39
003,Bike Light,Accessory,Black,35,Small,Lights,Germany,2026-12-27,71.97,291.79
001,Bike Lock,Accessory,Blue,68,Medium,Hydration,France,2027-07-05,126.35,384.73
001,Bike Lock,Accessory,Green,42,Medium,Hydration,Spain,2026-07-16,61.12,362.44
002,Bike Pump,Accessory,Green,27,Small,Tools,Germany,2023-05-05,116.26,388.72
005,Bike Helmet,Safety,Yellow,36,Medium,Helmets,Italy,2023-06-28,107.8,197.22
003,Bike Light,Accessory,Black,54,Small,Lights,Germany,2025-03-27,55.98,245.19
001,Bike Lock,Accessory,Green,25,Large,Hydration,Germany,2023-01-02,52.13,128.19
002,Bike Pump,Accessory,Red,44,Medium,Tools,Germany,2024-12-05,123.93,279.39
005,Bike Helmet,Safety,Yellow,36,Medium,Helmets,UK,2023-06-08,122.52,193.3
002,Bike Pump,Accessory,Black,29,Medium,Tools,France,2025-11-15,98.2,208.12
002,Bike Pump,Accessory,Blue,29,Small,Tools,Italy,2027-07-16,76.64,174.82
001,Bike Lock,Accessory,Yellow,40,Large,Hydration,Germany,2025-07-08,92.77,279.57
001,Bike Lock,Accessory,Yellow,58,Small,Hydration,Germany,2024-10-24,82.78,139.21
001,Bike Lock,Accessory,Black,29,Large,Hydration,Germany,2025-10-18,69.43,182.67
004,Bike Bell,Accessory,Yellow,43,Medium,Bells,Spain,2025-02-28,86.84,177.75
002,Bike Pump,Accessory,Green,25,Small,Tools,France,2023-03-27,149.77,227.55
001,Bike Lock,Accessory,Black,58,Large,Hydration,Spain,2023-11-24,115.51,322.47
005,Bike Helmet,Safety,Green,50,Large,Helmets,Italy,2023-04-08,56.49,235.95
004,Bike Bell,Accessory,Black,44,Small,Bells,Germany,2025-06-16,73.54,281.92
001,Bike Lock,Accessory,Green,57,Large,Hydration,Germany,2023-11-19,84.98,247.07
003,Bike Light,Accessory,Black,54,Large,Lights,Spain,2023-04-29,64.23,142.87
005,Bike Helmet,Safety,Green,34,Large,Helmets,UK,2027-09-12,85.3,360.59
002,Bike Pump,Accessory,Red,48,Large,Tools,Germany,2023-03-26,58.35,138.72
004,Bike Bell,Accessory,Blue,29,Small,Bells,Spain,2026-09-20,55.67,183.36
002,Bike Pump,Accessory,Blue,43,Large,Tools,Italy,2024-02-05,60.9,165.59
004,Bike Bell,Accessory,Black,33,Large,Bells,Italy,2025-10-01,72.18,152.92
004,Bike Bell,Accessory,Green,59,Medium,Bells,Italy,2026-01-05,122.97,373.97
002,Bike Pump,Accessory,Green,54,Medium,Tools,Germany,2024-05-18,90.21,292.68
005,Bike Helmet,Safety,Black,45,Large,Helmets,Italy,2027-03-21,110.92,317.84
005,Bike Helmet,Safety,Red,55,Small,Helmets,UK,2024-02-06,127.09,352.82
001,Bike Lock,Accessory,Yellow,64,Small,Hydration,France,2026-07-01,54.12,218.3
005,Bike Helmet,Safety,Yellow,35,Large,Helmets,France,2027-03-17,120.96,307.96
005,Bike Helmet,Safety,Black,32,Medium,Helmets,France,2024-12-05,137.8,296.56
003,Bike Light,Accessory,Red,51,Large,Lights,Germany,2025-07-09,56.2,362.46
004,Bike Bell,Accessory,Yellow,67,Large,Bells,Spain,2023-07-27,59.23,261.81
005,Bike Helmet,Safety,Blue,62,Medium,Helmets,Italy,2026-10-17,114.08,198.69
001,Bike Lock,Accessory,Green,59,Small,Hydration,Spain,2024-02-07,65.99,399.92
002,Bike Pump,Accessory,Green,47,Large,Tools,Spain,2024-11-15,66.85,269.43
001,Bike Lock,Accessory,Green,53,Large,Hydration,Germany,2023-01-13,68.07,168.72
005,Bike Helmet,Safety,Yellow,61,Medium,Helmets,France,2024-02-12,87.84,151.99
001,Bike Lock,Accessory,Red,39,Medium,Hydration,Italy,2023-01-17,84.91,332.64
005,Bike Helmet,Safety,Black,26,Small,Helmets,Italy,2025-05-13,96.78,372.77
005,Bike Helmet,Safety,Yellow,42,Medium,Helmets,France,2026-10-04,74.06,201.66
003,Bike Light,Accessory,Blue,66,Large,Lights,Spain,2026-11-23,129.84,258.53
002,Bike Pump,Accessory,Yellow,57,Small,Tools,UK,2023-09-29,61.46,166.24
002,Bike Pump,Accessory,Red,64,Large,Tools,Spain,2026-06-15,80.37,397.5
004,Bike Bell,Accessory,Black,31,Small,Bells,Spain,2026-09-26,87.32,285.81
001,Bike Lock,Accessory,Black,64,Large,Hydration,Italy,2027-04-27,136.49,335.17
004,Bike Bell,Accessory,Yellow,34,Small,Bells,UK,2026-12-15,52.44,340.07
005,Bike Helmet,Safety,Green,60,Large,Helmets,Italy,2025-03-16,94.06,293.59
001,Bike Lock,Accessory,Black,53,Large,Hydration,UK,2027-01-07,63.35,389.36
001,Bike Lock,Accessory,Red,36,Medium,Hydration,Germany,2025-06-24,85.12,211.0
003,Bike Light,Accessory,Red,50,Medium,Lights,Germany,2024-10-25,126.54,206.81
003,Bike Light,Accessory,Blue,31,Small,Lights,UK,2024-10-11,128.08,252.33
001,Bike Lock,Accessory,Black,58,Small,Hydration,France,2026-04-29,98.53,203.42
003,Bike Light,Accessory,Red,34,Medium,Lights,UK,2026-08-11,78.24,253.91
001,Bike Lock,Accessory,Red,61,Small,Hydration,Spain,2023-09-07,88.72,222.14
002,Bike Pump,Accessory,Red,44,Large,Tools,Germany,2025-10-15,104.38,151.34
004,Bike Bell,Accessory,Black,47,Small,Bells,Italy,2023-08-31,87.78,149.92
004,Bike Bell,Accessory,Green,29,Large,Bells,Italy,2027-07-07,55.91,313.23
004,Bike Bell,Accessory,Yellow,69,Medium,Bells,Germany,2026-11-05,75.84,355.13
004,Bike Bell,Accessory,Yellow,62,Medium,Bells,France,2027-07-23,56.35,222.92
005,Bike Helmet,Safety,Green,57,Large,Helmets,UK,2026-12-08,53.68,276.48
004,Bike Bell,Accessory,Blue,34,Small,Bells,UK,2023-04-20,84.21,235.32
002,Bike Pump,Accessory,Yellow,31,Medium,Tools,Italy,2024-08-04,73.03,398.17
001,Bike Lock,Accessory,Yellow,29,Small,Hydration,France,2026-09-01,72.79,336.74
005,Bike Helmet,Safety,Green,41,Medium,Helmets,France,2023-12-18,131.55,213.07
004,Bike Bell,Accessory,Black,28,Large,Bells,France,2025-12-21,77.96,366.17
004,Bike Bell,Accessory,Black,59,Medium,Bells,Spain,2023-01-31,72.86,194.36
003,Bike Light,Accessory,Red,44,Large,Lights,Germany,2025-02-25,88.05,393.08
003,Bike Light,Accessory,Red,28,Small,Lights,France,2025-10-14,146.35,182.0
004,Bike Bell,Accessory,Black,36,Medium,Bells,Germany,2023-09-08,142.85,355.35
001,Bike Lock,Accessory,Black,50,Small,Hydration,Italy,2027-09-05,62.71,283.34
005,Bike Helmet,Safety,Yellow,60,Medium,Helmets,Germany,2024-08-15,123.71,274.42
003,Bike Light,Accessory,Green,28,Medium,Lights,UK,2026-06-08,96.57,335.36
001,Bike Lock,Accessory,Red,29,Large,Hydration,Spain,2025-11-25,144.75,143.37
002,Bike Pump,Accessory,Blue,28,Large,Tools,France,2023-04-14,121.79,375.25
005,Bike Helmet,Safety,Green,67,Small,Helmets,France,2025-02-18,72.06,392.61
003,Bike Light,Accessory,Yellow,38,Medium,Lights,UK,2024-09-20,54.88,179.12
003,Bike Light,Accessory,Yellow,48,Small,Lights,Germany,2026-09-28,130.04,245.84
004,Bike Bell,Accessory,Blue,69,Large,Bells,Spain,2026-10-23,65.01,356.23
002,Bike Pump,Accessory,Blue,58,Large,Tools,Spain,2023-05-04,112.59,395.58
005,Bike Helmet,Safety,Red,49,Small,Helmets,UK,2026-06-11,105.71,304.9
001,Bike Lock,Accessory,Green,27,Medium,Hydration,Spain,2024-09-15,103.03,324.29
002,Bike Pump,Accessory,Red,48,Small,Tools,UK,2023-08-23,84.43,288.44
003,Bike Light,Accessory,Yellow,56,Large,Lights,Spain,2024-11-13,66.07,145.97
004,Bike Bell,Accessory,Black,41,Large,Bells,Germany,2025-05-25,95.07,137.35
001,Bike Lock,Accessory,Red,60,Large,Hydration,Spain,2023-06-23,149.64,180.73
001,Bike Lock,Accessory,Red,44,Medium,Hydration,Italy,2023-07-02,139.18,128.6
004,Bike Bell,Accessory,Green,45,Large,Bells,Germany,2023-04-23,74.09,189.41
001,Bike Lock,Accessory,Red,64,Medium,Hydration,France,2027-06-20,86.11,226.88
005,Bike Helmet,Safety,Green,46,Medium,Helmets,Germany,2025-07-16,136.12,389.23
001,Bike Lock,Accessory,Green,27,Large,Hydration,France,2027-01-14,112.7,287.18
005,Bike Helmet,Safety,Yellow,46,Large,Helmets,Germany,2026-04-05,82.82,287.94
002,Bike Pump,Accessory,Red,67,Medium,Tools,France,2025-06-27,56.98,301.51
002,Bike Pump,Accessory,Yellow,39,Small,Tools,Spain,2025-07-08,55.83,370.52
002,Bike Pump,Accessory,Yellow,27,Medium,Tools,France,2025-05-11,97.78,326.61
003,Bike Light,Accessory,Red,59,Small,Lights,Italy,2027-03-03,55.23,358.04
002,Bike Pump,Accessory,Black,51,Medium,Tools,Germany,2025-03-14,136.88,208.46
001,Bike Lock,Accessory,Green,57,Large,Hydration,Germany,2023-11-12,108.46,165.72
001,Bike Lock,Accessory,Blue,69,Small,Hydration,Italy,2025-04-03,90.84,284.88
001,Bike Lock,Accessory,Black,66,Small,Hydration,Spain,2023-12-15,108.71,221.67
003,Bike Light,Accessory,Green,70,Small,Lights,Germany,2024-05-14,146.82,264.86
003,Bike Light,Accessory,Green,46,Large,Lights,Italy,2026-04-04,80.08,247.74
005,Bike Helmet,Safety,Red,55,Medium,Helmets,Germany,2024-12-04,85.7,293.51
003,Bike Light,Accessory,Yellow,62,Large,Lights,France,2025-12-06,107.86,275.06
005,Bike Helmet,Safety,Red,27,Medium,Helmets,Germany,2023-07-17,87.38,203.62
002,Bike Pump,Accessory,Blue,44,Small,Tools,France,2025-12-28,107.27,285.34
001,Bike Lock,Accessory,Blue,57,Medium,Hydration,France,2024-02-14,62.43,301.2
003,Bike Light,Accessory,Green,42,Small,Lights,Germany,2027-12-08,113.75,250.88
001,Bike Lock,Accessory,Green,25,Small,Hydration,France,2024-06-04,122.53,372.71
001,Bike Lock,Accessory,Red,35,Large,Hydration,Spain,2025-12-16,65.1,316.94
002,Bike Pump,Accessory,Yellow,43,Small,Tools,Spain,2027-10-24,116.06,153.23
002,Bike Pump,Accessory,Black,70,Large,Tools,Italy,2025-11-14,91.51,302.18
005,Bike Helmet,Safety,Blue,39,Small,Helmets,Spain,2027-01-08,98.14,301.15
001,Bike Lock,Accessory,Black,56,Small,Hydration,France,2027-01-02,135.7,383.54
004,Bike Bell,Accessory,Yellow,45,Medium,Bells,UK,2023-12-26,115.96,166.07
001,Bike Lock,Accessory,Blue,41,Medium,Hydration,France,2027-07-26,54.92,323.84
003,Bike Light,Accessory,Blue,63,Small,Lights,UK,2027-09-21,98.69,312.0
005,Bike Helmet,Safety,Red,38,Large,Helmets,Italy,2025-08-15,70.35,147.29
003,Bike Light,Accessory,Black,55,Small,Lights,Spain,2025-07-05,58.33,198.36
003,Bike Light,Accessory,Yellow,55,Medium,Lights,Spain,2024-04-28,62.5,304.42
004,Bike Bell,Accessory,Green,35,Medium,Bells,France,2024-12-11,85.54,301.86
005,Bike Helmet,Safety,Green,33,Large,Helmets,Spain,2024-06-26,77.62,360.56
004,Bike Bell,Accessory,Green,66,Large,Bells,Italy,2023-09-01,73.35,363.69
002,Bike Pump,Accessory,Green,60,Large,Tools,Germany,2025-05-26,114.4,378.65
002,Bike Pump,Accessory,Blue,33,Medium,Tools,Italy,2025-11-11,75.95,284.94
003,Bike Light,Accessory,Red,30,Large,Lights,Italy,2027-06-09,133.89,290.29
004,Bike Bell,Accessory,Green,53,Large,Bells,France,2024-07-21,59.95,261.21
002,Bike Pump,Accessory,Black,52,Small,Tools,UK,2025-06-23,98.04,338.9
003,Bike Light,Accessory,Yellow,45,Small,Lights,France,2026-09-14,121.73,299.1
003,Bike Light,Accessory,Black,54,Small,Lights,Spain,2023-12-19,75.44,307.33
003,Bike Light,Accessory,Yellow,67,Large,Lights,France,2027-12-21,53.51,203.17
002,Bike Pump,Accessory,Blue,68,Large,Tools,Italy,2026-07-12,98.94,396.91
005,Bike Helmet,Safety,Green,45,Large,Helmets,Spain,2027-06-01,76.73,355.49
004,Bike Bell,Accessory,Blue,41,Large,Bells,France,2027-05-10,135.39,154.21
004,Bike Bell,Accessory,Red,33,Large,Bells,UK,2023-06-27,127.44,276.17
002,Bike Pump,Accessory,Yellow,47,Large,Tools,UK,2024-06-14,121.78,227.98
005,Bike Helmet,Safety,Black,57,Medium,Helmets,France,2026-03-26,104.09,256.81
001,Bike Lock,Accessory,Red,43,Large,Hydration,Spain,2026-09-09,109.46,128.99
002,Bike Pump,Accessory,Red,40,Large,Tools,UK,2027-04-14,108.43,154.2
001,Bike Lock,Accessory,Blue,64,Medium,Hydration,Italy,2025-01-04,135.3,240.27
004,Bike Bell,Accessory,Red,25,Large,Bells,Germany,2026-10-18,87.43,258.24
002,Bike Pump,Accessory,Yellow,43,Large,Tools,UK,2027-02-27,114.85,201.85
004,Bike Bell,Accessory,Yellow,42,Medium,Bells,Italy,2026-11-11,112.74,165.65
004,Bike Bell,Accessory,Yellow,33,Medium,Bells,France,2025-04-26,56.14,386.7
001,Bike Lock,Accessory,Blue,65,Medium,Hydration,Germany,2027-08-12,136.41,250.08
004,Bike Bell,Accessory,Blue,61,Small,Bells,Spain,2024-05-06,95.66,130.68
005,Bike Helmet,Safety,Blue,53,Medium,Helmets,UK,2023-09-16,96.82,325.57
001,Bike Lock,Accessory,Black,42,Large,Hydration,Spain,2023-01-13,102.2,397.22
001,Bike Lock,Accessory,Yellow,27,Small,Hydration,Italy,2025-02-07,148.27,281.75
003,Bike Light,Accessory,Green,44,Medium,Lights,Germany,2024-02-23,64.12,329.12
002,Bike Pump,Accessory,Green,66,Medium,Tools,Italy,2026-02-21,110.51,392.6
001,Bike Lock,Accessory,Black,38,Large,Hydration,UK,2023-02-03,96.55,172.14
004,Bike Bell,Accessory,Green,63,Large,Bells,UK,2025-04-17,78.03,127.37
002,Bike Pump,Accessory,Blue,25,Medium,Tools,Spain,2024-09-23,84.35,166.53
001,Bike Lock,Accessory,Green,61,Large,Hydration,Germany,2027-03-10,142.12,239.21
001,Bike Lock,Accessory,Blue,41,Large,Hydration,UK,2024-04-20,84.49,136.97
003,Bike Light,Accessory,Black,55,Small,Lights,Italy,2024-02-20,131.0,155.36
001,Bike Lock,Accessory,Black,42,Small,Hydration,France,2023-11-23,61.09,236.15
004,Bike Bell,Accessory,Blue,57,Large,Bells,Italy,2026-08-03,149.32,180.13
001,Bike Lock,Accessory,Red,63,Medium,Hydration,Spain,2024-08-08,125.62,363.62
003,Bike Light,Accessory,Red,42,Medium,Lights,Germany,2026-11-09,133.93,249.94
004,Bike Bell,Accessory,Yellow,64,Large,Bells,UK,2023-11-02,91.33,358.33
005,Bike Helmet,Safety,Red,63,Large,Helmets,UK,2023-09-23,116.02,295.22
004,Bike Bell,Accessory,Yellow,53,Large,Bells,UK,2027-12-27,87.37,336.57
003,Bike Light,Accessory,Green,48,Medium,Lights,Spain,2027-01-11,101.63,380.09
002,Bike Pump,Accessory,Yellow,43,Large,Tools,Italy,2027-03-07,121.5,397.43
005,Bike Helmet,Safety,Blue,64,Small,Helmets,UK,2025-11-18,130.73,284.83
001,Bike Lock,Accessory,Red,43,Small,Hydration,Germany,2023-04-24,122.8,215.42
002,Bike Pump,Accessory,Red,49,Small,Tools,Germany,2024-01-15,145.33,202.83
002,Bike Pump,Accessory,Green,35,Medium,Tools,Germany,2026-10-02,130.66,232.78
003,Bike Light,Accessory,Red,53,Large,Lights,UK,2025-05-10,133.61,250.22
004,Bike Bell,Accessory,Green,48,Large,Bells,Germany,2023-06-04,64.29,137.06
005,Bike Helmet,Safety,Green,62,Medium,Helmets,Italy,2025-05-18,88.63,208.7
004,Bike Bell,Accessory,Green,45,Large,Bells,Spain,2027-03-07,118.65,145.04
003,Bike Light,Accessory,Yellow,65,Small,Lights,Spain,2026-05-25,111.51,158.53
005,Bike Helmet,Safety,Blue,53,Small,Helmets,Spain,2025-10-01,123.96,156.09
005,Bike Helmet,Safety,Black,38,Large,Helmets,Spain,2026-06-17,81.07,357.26
002,Bike Pump,Accessory,Green,51,Large,Tools,UK,2023-11-23,131.15,297.18
002,Bike Pump,Accessory,Blue,70,Small,Tools,Germany,2024-07-27,110.65,171.28
003,Bike Light,Accessory,Green,63,Small,Lights,Germany,2025-05-29,55.63,251.37
001,Bike Lock,Accessory,Red,36,Medium,Hydration,UK,2025-08-14,133.15,345.34
002,Bike Pump,Accessory,Red,70,Small,Tools,Spain,2027-01-13,90.27,348.63
002,Bike Pump,Accessory,Black,40,Medium,Tools,UK,2027-07-03,51.7,208.57
005,Bike Helmet,Safety,Red,64,Medium,Helmets,France,2027-03-21,100.21,146.53
005,Bike Helmet,Safety,Green,57,Large,Helmets,UK,2025-04-15,110.35,218.5
002,Bike Pump,Accessory,Black,32,Small,Tools,France,2024-10-11,53.23,252.34
001,Bike Lock,Accessory,Blue,26,Medium,Hydration,Italy,2026-09-26,81.61,292.45
005,Bike Helmet,Safety,Blue,61,Small,Helmets,Germany,2027-12-01,96.61,214.14
004,Bike Bell,Accessory,Yellow,65,Small,Bells,France,2026-02-09,143.54,305.94
005,Bike Helmet,Safety,Blue,55,Medium,Helmets,Spain,2025-04-07,116.66,367.02
002,Bike Pump,Accessory,Yellow,63,Small,Tools,France,2025-09-12,93.34,288.19
001,Bike Lock,Accessory,Blue,59,Medium,Hydration,Italy,2025-08-20,145.63,254.14
004,Bike Bell,Accessory,Green,58,Medium,Bells,Spain,2024-08-10,104.69,222.36
002,Bike Pump,Accessory,Green,54,Large,Tools,Germany,2023-08-26,65.56,146.41
001,Bike Lock,Accessory,Yellow,27,Medium,Hydration,Italy,2027-11-18,78.68,147.8
002,Bike Pump,Accessory,Red,39,Small,Tools,Italy,2027-01-04,132.23,361.11
001,Bike Lock,Accessory,Red,39,Medium,Hydration,Germany,2026-05-18,83.35,377.29
003,Bike Light,Accessory,Yellow,33,Medium,Lights,Spain,2024-10-04,55.19,257.93
005,Bike Helmet,Safety,Black,34,Large,Helmets,Germany,2023-09-13,81.15,190.58
002,Bike Pump,Accessory,Green,32,Small,Tools,Germany,2025-12-26,111.24,150.13
001,Bike Lock,Accessory,Blue,61,Large,Hydration,Germany,2025-01-20,83.71,261.63
004,Bike Bell,Accessory,Black,63,Small,Bells,Italy,2027-12-01,124.85,383.05
002,Bike Pump,Accessory,Blue,41,Small,Tools,Italy,2027-02-03,118.52,382.79
005,Bike Helmet,Safety,Red,56,Large,Helmets,Spain,2027-10-27,136.73,186.93
003,Bike Light,Accessory,Blue,62,Large,Lights,Germany,2024-11-07,95.34,222.77
003,Bike Light,Accessory,Green,37,Large,Lights,Spain,2025-07-20,108.14,387.82
003,Bike Light,Accessory,Black,69,Medium,Lights,Italy,2027-01-26,53.02,135.18
005,Bike Helmet,Safety,Yellow,53,Small,Helmets,Italy,2026-09-26,66.05,149.98
004,Bike Bell,Accessory,Black,69,Medium,Bells,France,2023-10-03,111.27,153.89
001,Bike Lock,Accessory,Blue,31,Large,Hydration,Germany,2024-01-26,81.84,388.09
002,Bike Pump,Accessory,Red,63,Large,Tools,France,2025-01-29,123.62,377.67
002,Bike Pump,Accessory,Black,54,Small,Tools,UK,2027-06-06,110.81,307.19
001,Bike Lock,Accessory,Green,48,Medium,Hydration,Italy,2024-11-03,137.08,168.55
002,Bike Pump,Accessory,Yellow,47,Small,Tools,Spain,2027-04-15,107.47,272.23
003,Bike Light,Accessory,Yellow,32,Small,Lights,Spain,2023-04-16,66.23,375.24
004,Bike Bell,Accessory,Green,64,Medium,Bells,Germany,2025-08-30,140.35,280.82
003,Bike Light,Accessory,Black,30,Large,Lights,UK,2027-04-07,60.67,355.89
003,Bike Light,Accessory,Black,54,Large,Lights,Italy,2023-05-03,102.48,227.99
004,Bike Bell,Accessory,Red,56,Medium,Bells,France,2023-03-24,135.31,254.19
004,Bike Bell,Accessory,Black,53,Small,Bells,France,2026-07-28,82.28,211.78
004,Bike Bell,Accessory,Yellow,33,Medium,Bells,France,2025-12-30,88.19,309.08
005,Bike Helmet,Safety,Blue,44,Medium,Helmets,Germany,2025-11-07,88.32,293.07
005,Bike Helmet,Safety,Blue,46,Large,Helmets,Italy,2026-01-30,51.82,172.18
003,Bike Light,Accessory,Green,58,Small,Lights,Germany,2027-11-26,63.74,388.99
003,Bike Light,Accessory,Yellow,33,Large,Lights,France,2027-08-05,132.22,251.09
003,Bike Light,Accessory,Blue,48,Medium,Lights,France,2027-06-19,143.82,191.13
004,Bike Bell,Accessory,Yellow,38,Large,Bells,UK,2025-06-06,123.77,164.39
001,Bike Lock,Accessory,Red,29,Large,Hydration,Spain,2027-12-13,119.98,228.17
005,Bike Helmet,Safety,Blue,70,Large,Helmets,Italy,2027-12-30,82.11,363.43
001,Bike Lock,Accessory,Red,31,Medium,Hydration,Italy,2025-12-30,57.38,132.99
002,Bike Pump,Accessory,Blue,51,Large,Tools,Germany,2024-02-03,137.83,202.02
001,Bike Lock,Accessory,Red,34,Medium,Hydration,France,2026-06-01,51.55,233.36
002,Bike Pump,Accessory,Blue,34,Medium,Tools,Germany,2023-07-22,92.6,162.56
001,Bike Lock,Accessory,Yellow,38,Medium,Hydration,Spain,2023-12-21,129.94,353.5
001,Bike Lock,Accessory,Yellow,35,Small,Hydration,Germany,2027-07-22,117.39,235.61
004,Bike Bell,Accessory,Blue,61,Large,Bells,Spain,2024-01-18,129.94,299.91
003,Bike Light,Accessory,Blue,32,Large,Lights,Germany,2024-11-09,80.52,272.79
003,Bike Light,Accessory,Red,44,Small,Lights,Germany,2026-05-12,80.72,299.49
003,Bike Light,Accessory,Green,69,Large,Lights,Spain,2025-02-04,102.36,356.81
003,Bike Light,Accessory,Black,39,Medium,Lights,Italy,2024-08-11,64.78,193.81
004,Bike Bell,Accessory,Black,28,Medium,Bells,Italy,2024-09-27,62.54,204.25
004,Bike Bell,Accessory,Green,38,Large,Bells,France,2023-02-13,88.86,264.93
005,Bike Helmet,Safety,Red,34,Medium,Helmets,France,2024-08-14,77.91,150.24
002,Bike Pump,Accessory,Black,57,Small,Tools,France,2027-03-15,110.45,319.25
002,Bike Pump,Accessory,Green,64,Small,Tools,Spain,2023-04-30,92.84,313.57
005,Bike Helmet,Safety,Blue,39,Medium,Helmets,Italy,2023-09-06,138.63,237.48
003,Bike Light,Accessory,Green,68,Large,Lights,Italy,2025-04-10,101.36,360.08
004,Bike Bell,Accessory,Blue,40,Small,Bells,France,2023-03-08,117.24,276.18
005,Bike Helmet,Safety,Red,65,Small,Helmets,UK,2027-02-19,63.33,340.57
001,Bike Lock,Accessory,Blue,50,Large,Hydration,France,2024-11-06,107.84,333.26
002,Bike Pump,Accessory,Yellow,33,Small,Tools,UK,2026-12-16,82.01,246.18
003,Bike Light,Accessory,Yellow,69,Small,Lights,Italy,2025-06-21,109.68,213.79
002,Bike Pump,Accessory,Yellow,34,Large,Tools,UK,2026-11-07,67.77,270.84
003,Bike Light,Accessory,Black,70,Medium,Lights,Spain,2027-01-20,107.68,326.31
004,Bike Bell,Accessory,Black,25,Medium,Bells,Italy,2023-10-13,81.9,162.53
003,Bike Light,Accessory,Black,64,Large,Lights,France,2027-02-24,133.18,179.91
002,Bike Pump,Accessory,Black,28,Medium,Tools,France,2026-09-01,110.62,207.97
005,Bike Helmet,Safety,Black,66,Large,Helmets,UK,2027-12-24,116.16,170.61
001,Bike Lock,Accessory,Green,43,Medium,Hydration,Spain,2025-05-12,121.48,197.3
002,Bike Pump,Accessory,Yellow,44,Medium,Tools,UK,2023-03-12,101.43,327.72
004,Bike Bell,Accessory,Red,45,Small,Bells,France,2023-11-19,81.21,261.03
004,Bike Bell,Accessory,Black,44,Small,Bells,Spain,2024-01-18,79.64,326.69
002,Bike Pump,Accessory,Green,51,Medium,Tools,Spain,2023-11-13,80.58,142.73
003,Bike Light,Accessory,Green,37,Large,Lights,Germany,2023-05-12,84.86,175.72
003,Bike Light,Accessory,Red,66,Small,Lights,Spain,2026-09-21,57.14,386.62
003,Bike Light,Accessory,Black,30,Small,Lights,UK,2024-07-01,67.66,146.74
002,Bike Pump,Accessory,Green,51,Large,Tools,UK,2027-02-12,65.6,129.95
004,Bike Bell,Accessory,Yellow,30,Medium,Bells,UK,2024-10-03,89.45,347.38
003,Bike Light,Accessory,Black,43,Small,Lights,UK,2025-04-25,115.86,358.81
001,Bike Lock,Accessory,Red,53,Large,Hydration,UK,2023-08-23,69.27,341.43
005,Bike Helmet,Safety,Black,36,Large,Helmets,Spain,2024-06-16,78.32,271.53
002,Bike Pump,Accessory,Yellow,64,Small,Tools,France,2026-01-22,142.93,279.86
004,Bike Bell,Accessory,Blue,58,Small,Bells,Germany,2027-08-13,99.02,339.17
003,Bike Light,Accessory,Blue,44,Small,Lights,Italy,2026-06-16,145.82,187.71
004,Bike Bell,Accessory,Green,54,Small,Bells,Italy,2027-09-11,103.84,240.02
001,Bike Lock,Accessory,Black,63,Large,Hydration,UK,2027-08-10,74.64,381.59
002,Bike Pump,Accessory,Red,27,Medium,Tools,UK,2023-04-21,86.97,324.74
001,Bike Lock,Accessory,Red,27,Small,Hydration,Spain,2025-08-19,96.17,240.64
002,Bike Pump,Accessory,Green,26,Medium,Tools,Italy,2027-10-10,134.4,236.75
001,Bike Lock,Accessory,Green,63,Large,Hydration,Italy,2027-09-02,98.26,191.29
003,Bike Light,Accessory,Blue,35,Small,Lights,Italy,2026-04-08,88.23,190.1
003,Bike Light,Accessory,Red,67,Medium,Lights,France,2024-11-27,125.72,272.13
004,Bike Bell,Accessory,Green,62,Small,Bells,Germany,2025-03-22,98.76,347.47
002,Bike Pump,Accessory,Yellow,59,Medium,Tools,Italy,2025-10-17,73.14,329.59
004,Bike Bell,Accessory,Yellow,29,Large,Bells,Italy,2024-02-24,68.64,197.06
001,Bike Lock,Accessory,Black,51,Large,Hydration,France,2024-06-24,143.21,169.98
004,Bike Bell,Accessory,Yellow,50,Large,Bells,Spain,2027-10-14,117.41,315.35
001,Bike Lock,Accessory,Red,29,Large,Hydration,Germany,2026-05-02,83.63,360.38
004,Bike Bell,Accessory,Red,42,Large,Bells,Germany,2023-06-18,70.86,389.25
005,Bike Helmet,Safety,Blue,35,Small,Helmets,UK,2024-10-20,87.24,188.14
004,Bike Bell,Accessory,Black,54,Small,Bells,Germany,2026-04-23,83.23,294.4
005,Bike Helmet,Safety,Yellow,70,Medium,Helmets,France,2026-05-20,93.28,377.96
005,Bike Helmet,Safety,Red,59,Small,Helmets,France,2024-02-12,93.03,324.33
004,Bike Bell,Accessory,Green,60,Large,Bells,Germany,2023-10-23,104.3,254.17
004,Bike Bell,Accessory,Red,29,Large,Bells,France,2025-11-03,147.45,234.73
004,Bike Bell,Accessory,Blue,41,Small,Bells,France,2025-12-04,82.48,317.68
005,Bike Helmet,Safety,Blue,61,Small,Helmets,Italy,2024-05-03,135.02,230.46
001,Bike Lock,Accessory,Black,56,Large,Hydration,Italy,2024-04-02,90.41,224.81
003,Bike Light,Accessory,Black,34,Medium,Lights,Spain,2027-08-05,98.51,310.51
001,Bike Lock,Accessory,Red,52,Small,Hydration,Italy,2026-11-24,97.58,147.38
005,Bike Helmet,Safety,Black,32,Small,Helmets,Italy,2023-10-05,79.88,220.69
002,Bike Pump,Accessory,Black,45,Small,Tools,Spain,2027-02-03,68.4,331.01
002,Bike Pump,Accessory,Blue,60,Large,Tools,UK,2024-08-14,86.22,152.99
001,Bike Lock,Accessory,Red,41,Small,Hydration,Italy,2026-10-19,148.82,215.0
005,Bike Helmet,Safety,Black,37,Small,Helmets,Spain,2023-10-23,114.47,315.14
005,Bike Helmet,Safety,Black,47,Small,Helmets,Spain,2023-08-08,76.94,175.76
001,Bike Lock,Accessory,Black,41,Large,Hydration,Germany,2027-11-08,52.19,150.74
003,Bike Light,Accessory,Black,65,Small,Lights,Italy,2025-03-08,103.36,351.25
003,Bike Light,Accessory,Black,53,Medium,Lights,France,2026-12-06,55.74,160.38
002,Bike Pump,Accessory,Blue,58,Medium,Tools,UK,2026-05-21,119.81,163.41
004,Bike Bell,Accessory,Blue,41,Medium,Bells,Germany,2023-03-20,56.23,198.15
002,Bike Pump,Accessory,Green,27,Large,Tools,Spain,2024-09-20,90.61,209.7
004,Bike Bell,Accessory,Yellow,58,Small,Bells,France,2023-11-28,108.46,261.76
002,Bike Pump,Accessory,Blue,63,Small,Tools,France,2026-12-27,71.24,202.37
003,Bike Light,Accessory,Black,62,Small,Lights,France,2023-02-08,91.15,366.83
001,Bike Lock,Accessory,Green,66,Large,Hydration,Spain,2027-04-25,83.97,320.63
002,Bike Pump,Accessory,Yellow,43,Small,Tools,Spain,2027-10-06,95.27,314.7
005,Bike Helmet,Safety,Red,39,Small,Helmets,Germany,2023-11-11,108.66,194.44
003,Bike Light,Accessory,Red,30,Medium,Lights,UK,2023-12-13,107.87,392.85
004,Bike Bell,Accessory,Green,52,Small,Bells,Germany,2026-08-16,116.82,299.15
003,Bike Light,Accessory,Green,68,Small,Lights,Spain,2025-07-18,112.36,383.79
003,Bike Light,Accessory,Black,35,Small,Lights,Italy,2024-02-23,142.01,158.99
004,Bike Bell,Accessory,Red,36,Large,Bells,UK,2027-11-27,146.74,136.5
005,Bike Helmet,Safety,Red,52,Small,Helmets,Germany,2026-06-02,89.33,334.96
004,Bike Bell,Accessory,Green,32,Small,Bells,UK,2023-11-24,145.72,295.42
004,Bike Bell,Accessory,Red,37,Medium,Bells,Spain,2023-09-08,138.36,266.72
004,Bike Bell,Accessory,Yellow,41,Medium,Bells,Spain,2026-04-02,91.92,164.39
001,Bike Lock,Accessory,Yellow,65,Medium,Hydration,France,2027-04-06,143.03,176.75
001,Bike Lock,Accessory,Red,60,Small,Hydration,Italy,2025-11-25,125.16,232.87
004,Bike Bell,Accessory,Blue,40,Large,Bells,Germany,2024-05-23,133.83,316.97
002,Bike Pump,Accessory,Black,35,Medium,Tools,Germany,2024-09-23,103.56,156.02
003,Bike Light,Accessory,Yellow,53,Small,Lights,UK,2025-06-22,83.08,296.32
003,Bike Light,Accessory,Red,57,Large,Lights,Italy,2024-12-17,117.32,147.44
003,Bike Light,Accessory,Yellow,68,Large,Lights,Italy,2026-09-26,128.88,335.51
005,Bike Helmet,Safety,Yellow,47,Medium,Helmets,UK,2027-11-23,97.94,252.54
003,Bike Light,Accessory,Yellow,59,Small,Lights,France,2025-01-09,113.0,232.41
004,Bike Bell,Accessory,Black,49,Large,Bells,UK,2027-04-04,61.35,330.19
005,Bike Helmet,Safety,Yellow,34,Small,Helmets,Italy,2027-03-18,128.28,387.15
004,Bike Bell,Accessory,Yellow,65,Large,Bells,Spain,2026-05-24,135.05,384.72
002,Bike Pump,Accessory,Yellow,56,Small,Tools,Italy,2026-04-09,63.85,260.46
005,Bike Helmet,Safety,Green,45,Large,Helmets,UK,2025-12-10,114.55,342.34
001,Bike Lock,Accessory,Black,68,Large,Hydration,UK,2027-10-30,122.96,367.33
004,Bike Bell,Accessory,Red,31,Medium,Bells,Italy,2024-10-10,97.07,289.47
001,Bike Lock,Accessory,Blue,69,Medium,Hydration,France,2023-04-27,135.97,275.12
004,Bike Bell,Accessory,Black,45,Large,Bells,UK,2027-05-06,114.12,389.83
003,Bike Light,Accessory,Green,63,Medium,Lights,Italy,2026-12-08,100.45,257.47
004,Bike Bell,Accessory,Blue,35,Small,Bells,Germany,2027-11-26,130.77,165.29
002,Bike Pump,Accessory,Black,50,Medium,Tools,UK,2024-10-23,63.77,126.64
003,Bike Light,Accessory,Yellow,47,Small,Lights,Germany,2023-10-24,64.39,226.51
002,Bike Pump,Accessory,Blue,66,Large,Tools,France,2023-02-19,93.0,299.05
004,Bike Bell,Accessory,Blue,64,Large,Bells,UK,2027-12-08,98.15,223.26
002,Bike Pump,Accessory,Blue,55,Large,Tools,Germany,2026-04-22,73.42,387.55
005,Bike Helmet,Safety,Green,64,Large,Helmets,Italy,2026-04-13,105.12,362.35
002,Bike Pump,Accessory,Blue,67,Large,Tools,Italy,2023-11-20,143.95,320.15
005,Bike Helmet,Safety,Red,35,Large,Helmets,Spain,2025-07-12,56.53,150.26
001,Bike Lock,Accessory,Green,32,Small,Hydration,UK,2025-03-07,73.85,262.88
002,Bike Pump,Accessory,Black,57,Large,Tools,UK,2025-04-14,139.39,166.74
005,Bike Helmet,Safety,Black,47,Large,Helmets,Germany,2023-03-29,89.08,201.15
001,Bike Lock,Accessory,Green,62,Medium,Hydration,UK,2027-08-19,135.96,170.53
005,Bike Helmet,Safety,Yellow,49,Large,Helmets,Germany,2026-04-14,101.32,257.32
005,Bike Helmet,Safety,Blue,46,Small,Helmets,Germany,2023-12-28,115.72,291.27
005,Bike Helmet,Safety,Red,34,Large,Helmets,Italy,2026-09-02,112.11,151.06
004,Bike Bell,Accessory,Blue,49,Medium,Bells,Germany,2026-06-23,108.37,135.52
002,Bike Pump,Accessory,Red,47,Large,Tools,UK,2027-03-08,84.31,383.84
002,Bike Pump,Accessory,Yellow,41,Medium,Tools,Italy,2026-07-18,110.77,278.11
004,Bike Bell,Accessory,Blue,60,Large,Bells,Italy,2027-03-09,100.52,253.54
002,Bike Pump,Accessory,Black,33,Large,Tools,UK,2024-07-19,118.14,294.87
004,Bike Bell,Accessory,Yellow,44,Small,Bells,Germany,2023-09-25,50.61,159.19
002,Bike Pump,Accessory,Blue,36,Medium,Tools,Spain,2027-08-15,54.88,306.41
002,Bike Pump,Accessory,Blue,28,Small,Tools,France,2024-05-08,86.38,390.92
003,Bike Light,Accessory,Blue,43,Small,Lights,Germany,2025-12-22,73.34,302.83
005,Bike Helmet,Safety,Black,39,Medium,Helmets,Italy,2023-11-02,102.56,159.8
001,Bike Lock,Accessory,Black,64,Large,Hydration,UK,2023-01-03,101.06,388.3
004,Bike Bell,Accessory,Yellow,29,Small,Bells,Spain,2025-05-13,67.09,292.0
005,Bike Helmet,Safety,Red,32,Small,Helmets,UK,2024-12-03,101.85,217.55
003,Bike Light,Accessory,Red,68,Medium,Lights,Spain,2025-11-05,83.62,171.05
001,Bike Lock,Accessory,Black,62,Medium,Hydration,Spain,2027-04-09,73.33,125.71
005,Bike Helmet,Safety,Green,45,Small,Helmets,France,2026-10-31,136.38,202.55
001,Bike Lock,Accessory,Green,68,Small,Hydration,France,2025-07-23,128.95,141.87
005,Bike Helmet,Safety,Blue,69,Medium,Helmets,Germany,2026-04-09,50.89,158.7
001,Bike Lock,Accessory,Red,28,Large,Hydration,France,2023-03-05,103.97,278.03
002,Bike Pump,Accessory,Black,68,Large,Tools,Germany,2025-04-26,93.65,160.21
003,Bike Light,Accessory,Red,63,Medium,Lights,Italy,2027-10-29,59.51,238.78
004,Bike Bell,Accessory,Black,66,Small,Bells,UK,2025-07-14,121.4,343.44
005,Bike Helmet,Safety,Yellow,50,Small,Helmets,France,2025-05-08,116.67,256.21
004,Bike Bell,Accessory,Yellow,68,Large,Bells,Spain,2023-08-13,112.31,300.01
005,Bike Helmet,Safety,Yellow,60,Medium,Helmets,Italy,2026-08-31,70.25,227.02
003,Bike Light,Accessory,Red,47,Medium,Lights,Germany,2026-10-02,66.21,198.68
003,Bike Light,Accessory,Green,38,Large,Lights,Spain,2023-01-05,91.07,333.67
002,Bike Pump,Accessory,Blue,26,Large,Tools,Germany,2025-03-20,132.44,244.64
005,Bike Helmet,Safety,Red,66,Large,Helmets,France,2025-05-18,76.5,275.79
001,Bike Lock,Accessory,Red,64,Small,Hydration,Spain,2026-10-15,133.46,285.4
005,Bike Helmet,Safety,Black,66,Medium,Helmets,UK,2023-11-12,129.89,316.07
004,Bike Bell,Accessory,Black,39,Small,Bells,UK,2025-09-05,98.06,269.79
005,Bike Helmet,Safety,Green,68,Medium,Helmets,Spain,2023-02-11,119.36,375.73
001,Bike Lock,Accessory,Yellow,30,Small,Hydration,Italy,2027-02-16,108.22,126.58
005,Bike Helmet,Safety,Blue,54,Medium,Helmets,Spain,2026-04-19,127.26,328.21
004,Bike Bell,Accessory,Yellow,43,Medium,Bells,Germany,2024-11-13,132.07,235.84
002,Bike Pump,Accessory,Red,64,Medium,Tools,Spain,2027-07-20,109.64,381.23
005,Bike Helmet,Safety,Green,54,Small,Helmets,Italy,2027-08-09,53.05,321.13
005,Bike Helmet,Safety,Black,43,Medium,Helmets,Germany,2027-06-04,137.29,345.86
002,Bike Pump,Accessory,Blue,30,Medium,Tools,Germany,2025-12-22,89.19,337.71
001,Bike Lock,Accessory,Yellow,26,Medium,Hydration,Spain,2024-04-25,77.72,240.1
004,Bike Bell,Accessory,Green,56,Small,Bells,Spain,2026-09-25,122.72,293.74
001,Bike Lock,Accessory,Black,47,Medium,Hydration,Italy,2025-09-28,80.21,147.69
005,Bike Helmet,Safety,Blue,52,Large,Helmets,Italy,2023-01-29,127.46,288.44
001,Bike Lock,Accessory,Black,44,Medium,Hydration,Italy,2024-10-30,130.41,281.9
004,Bike Bell,Accessory,Blue,40,Large,Bells,France,2027-05-26,81.92,193.88
004,Bike Bell,Accessory,Red,26,Large,Bells,France,2026-09-16,86.5,136.44
005,Bike Helmet,Safety,Black,45,Small,Helmets,UK,2027-09-20,117.82,259.75
001,Bike Lock,Accessory,Blue,61,Medium,Hydration,UK,2026-05-15,132.87,296.69
005,Bike Helmet,Safety,Red,40,Medium,Helmets,Germany,2025-03-14,125.03,320.44
002,Bike Pump,Accessory,Red,43,Small,Tools,UK,2025-06-01,72.77,310.4
005,Bike Helmet,Safety,Red,59,Small,Helmets,Italy,2024-09-10,52.5,187.25
005,Bike Helmet,Safety,Blue,44,Medium,Helmets,Spain,2024-11-11,77.84,321.39
003,Bike Light,Accessory,Yellow,25,Medium,Lights,UK,2024-12-10,77.5,238.17
004,Bike Bell,Accessory,Green,42,Small,Bells,Germany,2027-09-27,56.17,389.89
003,Bike Light,Accessory,Yellow,35,Large,Lights,France,2023-10-12,82.15,223.86
005,Bike Helmet,Safety,Blue,37,Large,Helmets,France,2027-12-30,50.07,337.85
004,Bike Bell,Accessory,Green,45,Large,Bells,Spain,2023-10-19,126.53,304.74
005,Bike Helmet,Safety,Blue,33,Large,Helmets,Germany,2023-12-24,113.42,197.29
005,Bike Helmet,Safety,Red,31,Medium,Helmets,Italy,2025-12-04,145.68,363.57
005,Bike Helmet,Safety,Black,29,Large,Helmets,Italy,2024-08-15,114.8,196.83
004,Bike Bell,Accessory,Green,49,Large,Bells,Italy,2026-08-25,59.51,239.44
003,Bike Light,Accessory,Yellow,60,Large,Lights,Spain,2026-07-08,88.88,300.78
002,Bike Pump,Accessory,Green,56,Medium,Tools,UK,2024-02-17,106.47,194.38
001,Bike Lock,Accessory,Blue,38,Medium,Hydration,Spain,2024-07-28,51.94,212.73
001,Bike Lock,Accessory,Blue,66,Small,Hydration,Germany,2024-04-16,116.84,296.24
004,Bike Bell,Accessory,Yellow,60,Small,Bells,UK,2026-10-13,95.94,132.56
004,Bike Bell,Accessory,Green,46,Small,Bells,Germany,2024-03-08,91.18,207.06
003,Bike Light,Accessory,Yellow,63,Small,Lights,Spain,2023-01-30,119.86,245.53
004,Bike Bell,Accessory,Black,48,Medium,Bells,Germany,2023-04-09,146.19,299.03
005,Bike Helmet,Safety,Yellow,68,Medium,Helmets,France,2023-01-13,147.49,393.13
001,Bike Lock,Accessory,Black,45,Medium,Hydration,Italy,2027-12-02,133.82,128.19
004,Bike Bell,Accessory,Red,51,Large,Bells,Spain,2027-08-06,86.1,254.64
002,Bike Pump,Accessory,Green,40,Small,Tools,Germany,2023-07-30,55.44,259.89
002,Bike Pump,Accessory,Red,66,Medium,Tools,Italy,2027-11-19,111.54,349.57
004,Bike Bell,Accessory,Yellow,37,Large,Bells,France,2025-03-03,104.98,363.78
004,Bike Bell,Accessory,Yellow,53,Large,Bells,Italy,2027-12-31,136.75,215.23
005,Bike Helmet,Safety,Yellow,37,Small,Helmets,Germany,2027-02-02,93.97,198.26
001,Bike Lock,Accessory,Black,66,Small,Hydration,UK,2023-02-10,114.22,274.94
001,Bike Lock,Accessory,Blue,66,Small,Hydration,France,2025-12-07,77.68,271.53
002,Bike Pump,Accessory,Black,58,Large,Tools,UK,2025-02-06,52.57,304.44
005,Bike Helmet,Safety,Blue,70,Large,Helmets,UK,2026-03-09,55.84,338.26
003,Bike Light,Accessory,Yellow,43,Small,Lights,UK,2024-09-06,128.82,290.63
001,Bike Lock,Accessory,Yellow,37,Large,Hydration,Spain,2025-05-09,113.07,199.76
002,Bike Pump,Accessory,Blue,66,Medium,Tools,Germany,2024-11-15,143.27,388.69
005,Bike Helmet,Safety,Blue,34,Small,Helmets,Spain,2027-09-08,53.16,257.62
005,Bike Helmet,Safety,Black,64,Medium,Helmets,Germany,2027-12-16,127.95,349.31
003,Bike Light,Accessory,Black,69,Large,Lights,Germany,2024-03-06,130.61,172.88
002,Bike Pump,Accessory,Blue,28,Small,Tools,UK,2027-09-01,72.19,287.16
002,Bike Pump,Accessory,Blue,61,Large,Tools,UK,2026-01-01,50.88,186.61
002,Bike Pump,Accessory,Blue,53,Large,Tools,Italy,2024-01-19,105.07,241.14
003,Bike Light,Accessory,Yellow,34,Large,Lights,France,2024-07-08,54.18,176.22
004,Bike Bell,Accessory,Blue,49,Small,Bells,Italy,2023-04-25,56.05,365.05
005,Bike Helmet,Safety,Yellow,30,Small,Helmets,UK,2026-01-11,66.72,157.08
003,Bike Light,Accessory,Red,26,Medium,Lights,Italy,2025-12-03,68.04,284.98
002,Bike Pump,Accessory,Red,34,Large,Tools,France,2027-07-11,89.73,310.92
005,Bike Helmet,Safety,Blue,46,Small,Helmets,UK,2027-05-11,98.69,296.62
002,Bike Pump,Accessory,Blue,26,Small,Tools,Spain,2026-06-06,118.79,247.37
001,Bike Lock,Accessory,Blue,57,Small,Hydration,France,2023-11-18,65.95,316.54
005,Bike Helmet,Safety,Blue,50,Small,Helmets,Italy,2024-12-26,65.9,245.59
003,Bike Light,Accessory,Black,57,Large,Lights,UK,2024-11-09,106.2,156.58
001,Bike Lock,Accessory,Green,34,Small,Hydration,Germany,2024-01-23,134.96,261.51
001,Bike Lock,Accessory,Blue,60,Large,Hydration,Spain,2024-03-31,137.49,242.49
002,Bike Pump,Accessory,Yellow,35,Medium,Tools,Italy,2026-11-16,71.06,364.67
001,Bike Lock,Accessory,Yellow,61,Medium,Hydration,France,2026-01-13,147.21,250.71
004,Bike Bell,Accessory,Yellow,25,Small,Bells,France,2025-11-15,136.56,337.67
002,Bike Pump,Accessory,Black,49,Large,Tools,Spain,2026-09-05,53.84,395.3
004,Bike Bell,Accessory,Green,43,Large,Bells,UK,2026-03-20,93.91,174.5
005,Bike Helmet,Safety,Green,37,Large,Helmets,UK,2026-06-28,146.62,188.52
001,Bike Lock,Accessory,Black,44,Small,Hydration,France,2023-12-13,142.28,329.44
002,Bike Pump,Accessory,Green,53,Large,Tools,Spain,2025-10-12,54.15,239.32
001,Bike Lock,Accessory,Green,55,Large,Hydration,UK,2025-09-16,53.28,293.29
004,Bike Bell,Accessory,Yellow,38,Medium,Bells,UK,2026-10-31,125.5,249.92
003,Bike Light,Accessory,Black,64,Small,Lights,France,2027-07-05,75.03,395.42
002,Bike Pump,Accessory,Red,44,Medium,Tools,Italy,2024-04-19,115.37,285.15
001,Bike Lock,Accessory,Red,33,Large,Hydration,Spain,2027-12-26,70.73,209.53
002,Bike Pump,Accessory,Green,69,Large,Tools,France,2024-10-12,94.39,231.74
005,Bike Helmet,Safety,Green,33,Small,Helmets,France,2023-06-15,78.22,194.78
005,Bike Helmet,Safety,Yellow,55,Small,Helmets,Italy,2024-09-13,115.09,347.12
004,Bike Bell,Accessory,Green,69,Medium,Bells,Germany,2025-12-30,118.09,232.85
001,Bike Lock,Accessory,Blue,66,Large,Hydration,Italy,2026-04-18,129.35,173.43
003,Bike Light,Accessory,Blue,43,Small,Lights,Spain,2027-08-08,90.36,331.4
002,Bike Pump,Accessory,Green,63,Large,Tools,Spain,2026-04-07,148.63,184.95
004,Bike Bell,Accessory,Black,46,Medium,Bells,UK,2027-05-26,54.35,331.41
005,Bike Helmet,Safety,Green,68,Medium,Helmets,Italy,2026-09-17,149.35,392.78
005,Bike Helmet,Safety,Blue,26,Small,Helmets,Germany,2023-10-21,60.62,184.92
003,Bike Light,Accessory,Green,57,Large,Lights,Germany,2023-12-26,86.43,289.87
002,Bike Pump,Accessory,Blue,46,Small,Tools,UK,2025-08-06,144.25,394.88
002,Bike Pump,Accessory,Green,47,Large,Tools,Spain,2027-03-29,76.22,290.19
002,Bike Pump,Accessory,Blue,36,Large,Tools,Germany,2027-03-22,143.95,147.63
005,Bike Helmet,Safety,Blue,38,Medium,Helmets,France,2025-02-20,149.5,353.57
002,Bike Pump,Accessory,Blue,39,Small,Tools,Italy,2026-06-25,94.06,386.0
004,Bike Bell,Accessory,Black,40,Medium,Bells,UK,2026-05-26,83.15,153.77
003,Bike Light,Accessory,Black,61,Small,Lights,Spain,2026-08-29,100.89,398.09
004,Bike Bell,Accessory,Red,38,Medium,Bells,France,2025-10-22,109.85,246.98
002,Bike Pump,Accessory,Yellow,55,Medium,Tools,Italy,2023-06-18,70.95,374.29
005,Bike Helmet,Safety,Red,63,Large,Helmets,Spain,2026-03-02,98.1,368.46
005,Bike Helmet,Safety,Green,51,Large,Helmets,Spain,2025-09-15,70.66,324.0
004,Bike Bell,Accessory,Red,64,Small,Bells,Germany,2023-05-23,140.03,267.39
002,Bike Pump,Accessory,Red,45,Large,Tools,Spain,2026-05-09,100.33,262.98
001,Bike Lock,Accessory,Red,58,Small,Hydration,France,2025-09-23,94.71,377.35
003,Bike Light,Accessory,Green,68,Medium,Lights,UK,2024-04-26,85.59,125.56
001,Bike Lock,Accessory,Black,43,Large,Hydration,France,2027-04-11,143.6,229.81
003,Bike Light,Accessory,Green,66,Small,Lights,France,2027-10-18,96.18,236.38
001,Bike Lock,Accessory,Black,68,Large,Hydration,Germany,2025-04-09,87.57,292.73
001,Bike Lock,Accessory,Green,27,Small,Hydration,Italy,2026-01-10,146.67,317.09
005,Bike Helmet,Safety,Red,56,Medium,Helmets,UK,2027-01-16,65.11,126.7
005,Bike Helmet,Safety,Black,37,Small,Helmets,Italy,2025-11-18,145.41,191.27
001,Bike Lock,Accessory,Red,54,Small,Hydration,Italy,2024-06-27,99.97,211.34
001,Bike Lock,Accessory,Green,52,Large,Hydration,France,2026-02-13,126.94,273.02
005,Bike Helmet,Safety,Yellow,44,Medium,Helmets,Spain,2024-03-24,89.62,140.19
001,Bike Lock,Accessory,Green,42,Large,Hydration,Spain,2024-10-02,142.54,372.61
002,Bike Pump,Accessory,Black,26,Large,Tools,Spain,2025-11-26,130.29,193.78
002,Bike Pump,Accessory,Yellow,31,Small,Tools,Germany,2027-03-26,86.5,189.16
004,Bike Bell,Accessory,Red,39,Small,Bells,UK,2023-05-23,63.42,154.9
002,Bike Pump,Accessory,Yellow,70,Small,Tools,Germany,2025-04-15,109.42,287.55
004,Bike Bell,Accessory,Blue,33,Large,Bells,UK,2024-02-24,57.22,300.74
003,Bike Light,Accessory,Yellow,49,Large,Lights,UK,2026-04-26,112.37,135.43
004,Bike Bell,Accessory,Red,27,Large,Bells,France,2023-08-12,143.58,329.55
001,Bike Lock,Accessory,Blue,39,Medium,Hydration,Germany,2023-01-12,139.84,261.11
001,Bike Lock,Accessory,Blue,41,Medium,Hydration,Italy,2026-10-14,75.04,292.29
004,Bike Bell,Accessory,Blue,46,Small,Bells,Germany,2024-04-03,59.42,223.32
003,Bike Light,Accessory,Yellow,49,Large,Lights,UK,2024-03-03,114.21,355.54
004,Bike Bell,Accessory,Yellow,36,Small,Bells,Germany,2027-02-28,129.19,216.62
002,Bike Pump,Accessory,Green,56,Medium,Tools,Spain,2026-01-27,140.54,330.28
005,Bike Helmet,Safety,Blue,25,Medium,Helmets,Italy,2023-02-11,58.35,349.97
004,Bike Bell,Accessory,Red,69,Medium,Bells,UK,2027-01-14,85.22,249.6
002,Bike Pump,Accessory,Red,69,Small,Tools,Spain,2025-01-18,60.07,235.54
003,Bike Light,Accessory,Black,51,Medium,Lights,Germany,2026-07-12,142.69,261.79
002,Bike Pump,Accessory,Red,26,Large,Tools,Italy,2027-03-13,115.33,221.38
004,Bike Bell,Accessory,Black,52,Medium,Bells,UK,2023-05-20,50.9,244.07
005,Bike Helmet,Safety,Green,56,Large,Helmets,Italy,2023-08-13,142.04,131.27
003,Bike Light,Accessory,Green,38,Large,Lights,France,2027-10-07,97.56,204.35
005,Bike Helmet,Safety,Red,33,Small,Helmets,Italy,2023-02-08,55.31,365.53
003,Bike Light,Accessory,Green,38,Medium,Lights,Germany,2026-09-04,100.0,248.05
004,Bike Bell,Accessory,Green,33,Small,Bells,UK,2023-04-23,80.55,182.67
005,Bike Helmet,Safety,Yellow,40,Small,Helmets,Italy,2027-01-13,51.56,285.75
004,Bike Bell,Accessory,Yellow,60,Large,Bells,Italy,2023-04-23,92.91,202.78
001,Bike Lock,Accessory,Green,50,Large,Hydration,UK,2027-03-04,83.51,185.71
003,Bike Light,Accessory,Blue,58,Small,Lights,Spain,2023-06-21,132.7,242.82
004,Bike Bell,Accessory,Blue,51,Small,Bells,Italy,2025-07-05,71.47,189.5
003,Bike Light,Accessory,Blue,65,Large,Lights,Spain,2026-01-16,53.1,131.02
002,Bike Pump,Accessory,Yellow,52,Large,Tools,France,2027-07-26,107.13,391.8
001,Bike Lock,Accessory,Yellow,59,Large,Hydration,France,2024-10-23,146.11,355.81
002,Bike Pump,Accessory,Black,45,Large,Tools,France,2026-05-18,79.36,298.56
005,Bike Helmet,Safety,Yellow,52,Large,Helmets,Italy,2024-04-23,56.63,388.05
001,Bike Lock,Accessory,Red,34,Medium,Hydration,France,2027-12-14,144.82,315.9
001,Bike Lock,Accessory,Green,68,Small,Hydration,France,2026-10-10,74.78,277.42
004,Bike Bell,Accessory,Blue,32,Large,Bells,France,2025-04-30,85.6,344.97
003,Bike Light,Accessory,Red,44,Medium,Lights,Italy,2025-07-09,76.32,276.47
003,Bike Light,Accessory,Blue,56,Medium,Lights,Germany,2026-03-16,109.99,355.11
004,Bike Bell,Accessory,Blue,39,Large,Bells,Italy,2023-07-08,55.24,127.84
001,Bike Lock,Accessory,Red,35,Large,Hydration,Spain,2024-05-21,87.97,132.08
005,Bike Helmet,Safety,Black,40,Large,Helmets,France,2025-03-23,139.98,335.36
001,Bike Lock,Accessory,Red,64,Large,Hydration,Spain,2027-06-04,131.25,314.85
003,Bike Light,Accessory,Black,70,Medium,Lights,Germany,2026-05-31,67.48,244.72
005,Bike Helmet,Safety,Red,61,Small,Helmets,Spain,2026-02-21,60.27,244.32
004,Bike Bell,Accessory,Green,48,Large,Bells,Italy,2027-04-08,109.92,147.89
004,Bike Bell,Accessory,Black,40,Medium,Bells,Italy,2027-08-04,54.78,248.06
001,Bike Lock,Accessory,Green,47,Medium,Hydration,France,2025-08-10,85.29,280.52
002,Bike Pump,Accessory,Blue,25,Small,Tools,Spain,2027-09-20,121.76,179.5
004,Bike Bell,Accessory,Red,40,Medium,Bells,Germany,2023-12-19,102.69,229.04
004,Bike Bell,Accessory,Black,26,Small,Bells,Germany,2023-01-25,143.21,176.7
005,Bike Helmet,Safety,Black,27,Large,Helmets,Spain,2027-04-23,139.71,132.27
003,Bike Light,Accessory,Red,47,Small,Lights,Germany,2023-06-18,124.98,359.43
003,Bike Light,Accessory,Black,49,Medium,Lights,France,2026-07-27,104.3,180.45
001,Bike Lock,Accessory,Yellow,47,Medium,Hydration,Germany,2024-12-27,108.24,237.41
001,Bike Lock,Accessory,Blue,27,Medium,Hydration,Italy,2023-10-29,122.33,147.44
005,Bike Helmet,Safety,Blue,48,Small,Helmets,UK,2026-05-14,142.6,286.85
005,Bike Helmet,Safety,Green,58,Large,Helmets,Germany,2025-01-26,89.4,375.12
003,Bike Light,Accessory,Blue,42,Small,Lights,Spain,2023-09-08,115.92,328.28
001,Bike Lock,Accessory,Yellow,59,Medium,Hydration,France,2024-11-03,87.95,139.77
001,Bike Lock,Accessory,Green,64,Large,Hydration,Germany,2024-04-22,71.76,264.33
002,Bike Pump,Accessory,Black,33,Large,Tools,France,2023-02-17,54.22,294.46
003,Bike Light,Accessory,Red,56,Large,Lights,Italy,2023-07-28,79.62,206.3
001,Bike Lock,Accessory,Yellow,37,Small,Hydration,UK,2026-05-06,116.37,308.84
002,Bike Pump,Accessory,Black,60,Large,Tools,Italy,2026-08-23,64.5,323.76
001,Bike Lock,Accessory,Black,57,Small,Hydration,UK,2024-09-22,54.96,333.25
001,Bike Lock,Accessory,Red,54,Large,Hydration,Germany,2026-06-01,128.29,138.79
003,Bike Light,Accessory,Red,27,Small,Lights,UK,2024-08-19,64.72,203.63
001,Bike Lock,Accessory,Black,58,Small,Hydration,France,2024-08-19,117.56,292.78
005,Bike Helmet,Safety,Black,63,Large,Helmets,UK,2023-07-14,90.76,230.88
003,Bike Light,Accessory,Green,48,Small,Lights,Germany,2027-12-25,88.75,306.22
002,Bike Pump,Accessory,Green,27,Small,Tools,Germany,2026-08-10,148.05,285.98
003,Bike Light,Accessory,Blue,45,Large,Lights,UK,2023-01-16,86.18,188.5
001,Bike Lock,Accessory,Red,43,Small,Hydration,Germany,2026-03-30,121.69,132.23
001,Bike Lock,Accessory,Blue,53,Medium,Hydration,Italy,2027-09-28,90.57,132.1
002,Bike Pump,Accessory,Green,26,Large,Tools,Germany,2024-04-01,119.98,356.64
003,Bike Light,Accessory,Green,55,Medium,Lights,Germany,2027-03-18,61.63,352.21
003,Bike Light,Accessory,Green,29,Medium,Lights,UK,2027-10-30,100.3,164.78
002,Bike Pump,Accessory,Yellow,30,Medium,Tools,UK,2023-01-12,144.72,213.33
004,Bike Bell,Accessory,Red,61,Medium,Bells,Italy,2025-05-03,106.06,144.08
003,Bike Light,Accessory,Red,44,Medium,Lights,Italy,2027-02-14,94.05,176.17
001,Bike Lock,Accessory,Yellow,27,Large,Hydration,Germany,2027-05-22,65.57,397.86
004,Bike Bell,Accessory,Black,60,Large,Bells,Spain,2027-12-03,89.64,383.34
001,Bike Lock,Accessory,Blue,36,Small,Hydration,Germany,2023-09-01,101.0,215.58
004,Bike Bell,Accessory,Blue,46,Medium,Bells,Germany,2024-05-17,59.27,299.17
003,Bike Light,Accessory,Black,46,Small,Lights,Spain,2024-02-10,86.63,236.17
002,Bike Pump,Accessory,Red,65,Medium,Tools,UK,2027-02-26,105.04,288.98
002,Bike Pump,Accessory,Red,67,Medium,Tools,Germany,2026-04-02,107.25,313.24
002,Bike Pump,Accessory,Yellow,42,Large,Tools,Italy,2025-05-13,102.81,153.52
003,Bike Light,Accessory,Yellow,25,Medium,Lights,France,2023-12-04,114.69,199.18
005,Bike Helmet,Safety,Blue,39,Large,Helmets,Spain,2024-10-29,78.9,379.17
001,Bike Lock,Accessory,Yellow,45,Medium,Hydration,Italy,2024-07-17,120.9,301.1
004,Bike Bell,Accessory,Blue,63,Small,Bells,France,2023-05-12,87.24,305.58
003,Bike Light,Accessory,Blue,30,Large,Lights,Germany,2023-03-11,111.28,245.28
005,Bike Helmet,Safety,Black,55,Small,Helmets,Spain,2027-07-08,52.09,254.21
001,Bike Lock,Accessory,Red,39,Medium,Hydration,France,2023-03-08,136.38,199.19
002,Bike Pump,Accessory,Green,41,Small,Tools,Spain,2025-11-27,53.11,394.55
004,Bike Bell,Accessory,Yellow,56,Small,Bells,France,2025-05-07,111.11,268.78
001,Bike Lock,Accessory,Yellow,53,Medium,Hydration,UK,2023-05-08,125.95,330.84
004,Bike Bell,Accessory,Blue,63,Medium,Bells,France,2026-08-07,144.92,139.55
003,Bike Light,Accessory,Yellow,47,Small,Lights,France,2023-03-19,111.74,339.42
002,Bike Pump,Accessory,Red,67,Medium,Tools,UK,2024-03-20,89.62,228.37
001,Bike Lock,Accessory,Blue,57,Medium,Hydration,UK,2027-08-31,119.19,132.52
005,Bike Helmet,Safety,Yellow,68,Medium,Helmets,UK,2023-01-13,55.17,274.72
002,Bike Pump,Accessory,Red,39,Medium,Tools,Spain,2024-06-07,77.65,205.53
005,Bike Helmet,Safety,Green,64,Large,Helmets,France,2027-10-29,75.55,211.34
005,Bike Helmet,Safety,Red,44,Small,Helmets,UK,2025-03-12,143.04,200.71
002,Bike Pump,Accessory,Yellow,32,Large,Tools,Germany,2027-11-29,149.52,386.11
003,Bike Light,Accessory,Black,69,Medium,Lights,UK,2026-08-29,149.99,284.72
005,Bike Helmet,Safety,Blue,26,Small,Helmets,UK,2024-12-03,63.33,283.24
002,Bike Pump,Accessory,Black,44,Small,Tools,Italy,2025-01-04,126.12,337.0
001,Bike Lock,Accessory,Red,37,Small,Hydration,France,2024-09-08,97.45,319.83
002,Bike Pump,Accessory,Black,48,Large,Tools,France,2023-05-16,63.26,227.51
002,Bike Pump,Accessory,Yellow,37,Small,Tools,UK,2027-08-06,134.23,184.58
002,Bike Pump,Accessory,Yellow,65,Large,Tools,Germany,2025-11-04,131.77,312.28
004,Bike Bell,Accessory,Black,29,Small,Bells,France,2027-11-09,147.84,210.91
005,Bike Helmet,Safety,Red,57,Medium,Helmets,France,2023-05-19,121.39,218.02
004,Bike Bell,Accessory,Blue,65,Medium,Bells,France,2026-10-04,70.69,230.37
004,Bike Bell,Accessory,Blue,35,Large,Bells,Italy,2027-03-06,110.91,245.08
003,Bike Light,Accessory,Green,52,Medium,Lights,France,2025-04-26,103.15,145.26
001,Bike Lock,Accessory,Black,28,Small,Hydration,UK,2024-06-11,108.32,377.85
002,Bike Pump,Accessory,Blue,60,Large,Tools,Germany,2024-11-29,112.01,181.11
001,Bike Lock,Accessory,Blue,28,Large,Hydration,Germany,2024-10-31,77.87,268.04
003,Bike Light,Accessory,Black,46,Small,Lights,Italy,2023-10-23,57.67,184.77
003,Bike Light,Accessory,Red,29,Small,Lights,Germany,2025-04-19,126.83,200.47
004,Bike Bell,Accessory,Yellow,27,Small,Bells,Spain,2026-04-02,107.89,298.24
005,Bike Helmet,Safety,Black,63,Medium,Helmets,Italy,2024-02-22,113.0,391.07
001,Bike Lock,Accessory,Red,48,Small,Hydration,Spain,2025-03-10,68.89,277.19
002,Bike Pump,Accessory,Blue,64,Small,Tools,Spain,2027-10-06,117.71,173.29
001,Bike Lock,Accessory,Black,32,Medium,Hydration,France,2024-08-03,129.86,223.9
005,Bike Helmet,Safety,Green,33,Medium,Helmets,Germany,2023-11-05,70.34,275.48
001,Bike Lock,Accessory,Black,63,Small,Hydration,Italy,2027-10-28,63.49,300.22
004,Bike Bell,Accessory,Yellow,59,Medium,Bells,Germany,2023-04-18,64.22,253.37
001,Bike Lock,Accessory,Red,50,Medium,Hydration,France,2026-01-03,78.12,288.14
001,Bike Lock,Accessory,Blue,29,Large,Hydration,Italy,2026-08-19,148.75,304.39
005,Bike Helmet,Safety,Black,28,Medium,Helmets,UK,2023-04-02,89.84,265.0
002,Bike Pump,Accessory,Green,51,Medium,Tools,Italy,2025-04-30,85.25,283.3
004,Bike Bell,Accessory,Black,66,Small,Bells,Spain,2027-02-27,54.02,235.69
004,Bike Bell,Accessory,Red,30,Small,Bells,Germany,2025-02-27,95.34,271.97
003,Bike Light,Accessory,Red,62,Small,Lights,Italy,2023-07-16,99.29,220.77
001,Bike Lock,Accessory,Black,70,Medium,Hydration,France,2025-03-05,110.03,125.28
004,Bike Bell,Accessory,Red,37,Large,Bells,Germany,2027-11-03,89.13,321.81
004,Bike Bell,Accessory,Black,38,Large,Bells,Germany,2027-04-15,77.61,342.59
005,Bike Helmet,Safety,Black,49,Medium,Helmets,Spain,2026-03-17,131.67,313.42
002,Bike Pump,Accessory,Green,55,Large,Tools,Spain,2024-06-15,58.41,171.42
003,Bike Light,Accessory,Green,65,Large,Lights,Germany,2024-11-28,77.42,231.02
004,Bike Bell,Accessory,Black,40,Small,Bells,Germany,2026-11-25,141.49,336.09
003,Bike Light,Accessory,Yellow,32,Medium,Lights,Germany,2027-03-04,60.74,181.48
005,Bike Helmet,Safety,Blue,36,Medium,Helmets,Germany,2027-02-07,92.46,332.82
004,Bike Bell,Accessory,Red,65,Medium,Bells,Spain,2025-07-28,92.64,304.51
001,Bike Lock,Accessory,Black,29,Large,Hydration,Italy,2023-09-05,111.18,315.18
005,Bike Helmet,Safety,Red,55,Medium,Helmets,Germany,2024-11-06,146.5,295.1
001,Bike Lock,Accessory,Blue,43,Small,Hydration,UK,2025-10-14,95.07,315.29
001,Bike Lock,Accessory,Green,48,Large,Hydration,UK,2026-01-01,119.35,335.25
005,Bike Helmet,Safety,Green,31,Medium,Helmets,Spain,2024-02-10,69.58,278.51
004,Bike Bell,Accessory,Red,30,Small,Bells,France,2024-03-23,133.1,192.87
005,Bike Helmet,Safety,Yellow,63,Small,Helmets,Spain,2024-12-06,108.97,138.43
004,Bike Bell,Accessory,Yellow,64,Medium,Bells,Italy,2026-02-27,109.46,314.2
003,Bike Light,Accessory,Yellow,68,Medium,Lights,France,2024-12-03,53.34,203.86
005,Bike Helmet,Safety,Black,39,Large,Helmets,Germany,2025-03-13,111.78,159.32
001,Bike Lock,Accessory,Blue,54,Small,Hydration,Spain,2027-02-16,78.01,256.31
004,Bike Bell,Accessory,Yellow,37,Large,Bells,Italy,2023-01-29,86.33,332.91
003,Bike Light,Accessory,Blue,66,Large,Lights,Italy,2027-06-14,149.6,256.17
002,Bike Pump,Accessory,Red,26,Medium,Tools,Italy,2025-12-22,88.71,314.16
003,Bike Light,Accessory,Green,51,Large,Lights,Germany,2025-12-29,61.59,267.0
003,Bike Light,Accessory,Red,56,Large,Lights,France,2026-01-23,137.56,222.55
004,Bike Bell,Accessory,Black,45,Small,Bells,Spain,2025-07-17,112.02,191.96
004,Bike Bell,Accessory,Blue,32,Large,Bells,UK,2026-09-20,104.13,392.76
004,Bike Bell,Accessory,Yellow,63,Small,Bells,France,2027-02-12,136.2,336.9
004,Bike Bell,Accessory,Red,31,Medium,Bells,Spain,2025-04-04,62.77,245.92
001,Bike Lock,Accessory,Yellow,34,Small,Hydration,Italy,2023-07-19,103.06,250.92
004,Bike Bell,Accessory,Black,70,Medium,Bells,Italy,2026-01-01,111.06,385.16
003,Bike Light,Accessory,Yellow,61,Large,Lights,Germany,2023-04-04,105.68,320.83
002,Bike Pump,Accessory,Yellow,46,Medium,Tools,UK,2027-08-11,142.08,324.39
004,Bike Bell,Accessory,Blue,53,Large,Bells,Italy,2024-02-13,80.35,356.45
002,Bike Pump,Accessory,Black,64,Large,Tools,Spain,2023-05-27,90.77,161.88
003,Bike Light,Accessory,Black,64,Medium,Lights,Germany,2025-11-01,111.23,368.24
004,Bike Bell,Accessory,Green,65,Medium,Bells,France,2025-08-25,105.89,136.76
001,Bike Lock,Accessory,Black,26,Small,Hydration,Germany,2023-11-13,78.37,233.14
001,Bike Lock,Accessory,Yellow,47,Small,Hydration,Italy,2027-05-20,134.83,328.35
001,Bike Lock,Accessory,Red,63,Small,Hydration,Spain,2027-05-09,108.13,340.97
002,Bike Pump,Accessory,Yellow,69,Large,Tools,France,2025-01-08,120.15,135.29
001,Bike Lock,Accessory,Yellow,37,Small,Hydration,Spain,2023-05-27,134.0,262.04
002,Bike Pump,Accessory,Yellow,28,Small,Tools,UK,2024-09-09,111.49,217.9
003,Bike Light,Accessory,Green,70,Large,Lights,France,2026-10-17,121.44,288.57
001,Bike Lock,Accessory,Blue,60,Small,Hydration,UK,2026-01-18,118.19,252.33
005,Bike Helmet,Safety,Yellow,60,Small,Helmets,Italy,2024-04-22,137.52,158.9
003,Bike Light,Accessory,Yellow,69,Small,Lights,Germany,2024-06-19,148.31,168.9
003,Bike Light,Accessory,Red,56,Large,Lights,UK,2026-04-25,82.25,138.89
002,Bike Pump,Accessory,Red,70,Small,Tools,Spain,2027-11-01,109.79,290.94
003,Bike Light,Accessory,Black,49,Medium,Lights,Italy,2027-03-16,62.33,195.82
001,Bike Lock,Accessory,Red,41,Medium,Hydration,Germany,2025-07-15,137.47,224.06
002,Bike Pump,Accessory,Red,69,Small,Tools,Germany,2024-11-08,59.32,186.11
002,Bike Pump,Accessory,Yellow,60,Medium,Tools,Germany,2026-05-22,51.45,266.61
002,Bike Pump,Accessory,Green,38,Large,Tools,Italy,2026-07-12,68.02,179.53
003,Bike Light,Accessory,Blue,33,Large,Lights,UK,2027-07-27,74.33,272.2
002,Bike Pump,Accessory,Blue,38,Large,Tools,Italy,2023-06-02,123.69,169.46
004,Bike Bell,Accessory,Green,45,Small,Bells,France,2027-05-14,89.7,127.75
005,Bike Helmet,Safety,Yellow,25,Large,Helmets,Spain,2025-08-10,139.2,156.68
004,Bike Bell,Accessory,Yellow,61,Large,Bells,Italy,2025-08-17,113.35,358.79
001,Bike Lock,Accessory,Black,58,Medium,Hydration,Germany,2026-07-28,56.12,237.43
002,Bike Pump,Accessory,Black,47,Small,Tools,France,2023-07-10,52.14,315.79
001,Bike Lock,Accessory,Yellow,36,Large,Hydration,France,2026-03-05,52.4,257.84
004,Bike Bell,Accessory,Yellow,28,Large,Bells,Germany,2024-09-06,131.39,399.8
001,Bike Lock,Accessory,Red,43,Large,Hydration,Spain,2023-02-01,142.23,399.31
005,Bike Helmet,Safety,Green,69,Large,Helmets,France,2023-11-07,114.86,359.78
002,Bike Pump,Accessory,Black,27,Small,Tools,Germany,2026-08-31,89.93,172.91
001,Bike Lock,Accessory,Yellow,36,Large,Hydration,Spain,2027-07-13,66.09,140.98
001,Bike Lock,Accessory,Yellow,67,Large,Hydration,France,2024-03-07,80.76,174.79
004,Bike Bell,Accessory,Green,45,Small,Bells,Germany,2027-09-30,105.16,157.03
004,Bike Bell,Accessory,Black,47,Large,Bells,Italy,2027-12-25,122.5,275.26
001,Bike Lock,Accessory,Black,57,Medium,Hydration,Italy,2024-05-17,76.52,300.61
005,Bike Helmet,Safety,Red,36,Large,Helmets,Germany,2027-10-09,92.31,146.36
005,Bike Helmet,Safety,Yellow,54,Small,Helmets,UK,2026-05-21,135.0,386.69
002,Bike Pump,Accessory,Green,39,Small,Tools,France,2027-04-23,64.52,387.84
004,Bike Bell,Accessory,Green,61,Medium,Bells,Germany,2027-11-07,116.63,224.21
005,Bike Helmet,Safety,Black,49,Large,Helmets,UK,2027-08-01,59.03,172.0
005,Bike Helmet,Safety,Green,44,Small,Helmets,Italy,2026-01-26,56.67,135.02
003,Bike Light,Accessory,Blue,62,Medium,Lights,Spain,2023-06-25,148.13,354.26
002,Bike Pump,Accessory,Red,51,Medium,Tools,Germany,2024-09-03,77.27,390.35
001,Bike Lock,Accessory,Black,58,Medium,Hydration,Italy,2027-06-18,91.49,313.31
005,Bike Helmet,Safety,Blue,54,Small,Helmets,Italy,2027-07-08,111.18,201.36
003,Bike Light,Accessory,Yellow,52,Medium,Lights,Germany,2024-02-22,129.64,397.47
005,Bike Helmet,Safety,Black,27,Large,Helmets,France,2025-04-23,118.75,295.53
001,Bike Lock,Accessory,Yellow,36,Small,Hydration,France,2024-05-24,98.7,228.03
004,Bike Bell,Accessory,Black,52,Large,Bells,Spain,2027-07-18,56.72,168.88
004,Bike Bell,Accessory,Red,39,Medium,Bells,Germany,2023-05-06,136.66,138.52
005,Bike Helmet,Safety,Blue,35,Large,Helmets,Germany,2027-10-23,146.8,364.15
001,Bike Lock,Accessory,Red,44,Large,Hydration,Italy,2025-04-14,122.19,169.83
002,Bike Pump,Accessory,Black,49,Large,Tools,UK,2025-09-13,56.17,349.74
001,Bike Lock,Accessory,Black,53,Medium,Hydration,UK,2026-03-23,142.43,386.14
003,Bike Light,Accessory,Yellow,37,Large,Lights,Italy,2026-06-11,62.92,245.01
005,Bike Helmet,Safety,Green,36,Medium,Helmets,UK,2023-10-30,62.68,281.47
005,Bike Helmet,Safety,Yellow,51,Small,Helmets,France,2025-07-18,62.2,131.76
003,Bike Light,Accessory,Yellow,61,Medium,Lights,France,2026-01-24,75.48,394.58
001,Bike Lock,Accessory,Blue,54,Medium,Hydration,Italy,2023-07-03,73.57,249.25
003,Bike Light,Accessory,Green,38,Medium,Lights,UK,2025-06-20,56.69,217.84
004,Bike Bell,Accessory,Blue,59,Small,Bells,UK,2026-05-20,103.38,157.7
001,Bike Lock,Accessory,Green,25,Small,Hydration,Italy,2025-02-09,142.46,173.68
005,Bike Helmet,Safety,Black,43,Medium,Helmets,Spain,2024-05-20,99.73,178.16
005,Bike Helmet,Safety,Red,48,Small,Helmets,Spain,2024-08-12,69.69,224.99
003,Bike Light,Accessory,Blue,48,Small,Lights,Germany,2025-05-26,62.73,369.64
005,Bike Helmet,Safety,Red,65,Medium,Helmets,Spain,2026-11-24,86.06,382.96
005,Bike Helmet,Safety,Red,36,Large,Helmets,Spain,2027-11-08,91.74,190.93
003,Bike Light,Accessory,Red,55,Small,Lights,UK,2027-12-18,101.96,297.5
003,Bike Light,Accessory,Green,49,Small,Lights,Germany,2026-09-12,132.31,326.26
004,Bike Bell,Accessory,Yellow,68,Small,Bells,UK,2023-03-14,97.78,351.94
004,Bike Bell,Accessory,Blue,45,Large,Bells,UK,2026-09-21,118.72,287.77
005,Bike Helmet,Safety,Yellow,26,Large,Helmets,France,2023-10-30,99.14,374.9
002,Bike Pump,Accessory,Yellow,43,Large,Tools,Germany,2025-01-20,104.64,155.52
003,Bike Light,Accessory,Yellow,28,Small,Lights,Germany,2025-06-03,64.05,187.77
003,Bike Light,Accessory,Red,46,Medium,Lights,UK,2023-04-27,91.45,363.35
002,Bike Pump,Accessory,Red,38,Large,Tools,Italy,2027-10-01,55.17,398.88
001,Bike Lock,Accessory,Yellow,68,Medium,Hydration,Spain,2025-08-27,113.13,287.52
004,Bike Bell,Accessory,Red,57,Large,Bells,Spain,2023-02-11,138.98,371.88
004,Bike Bell,Accessory,Red,68,Medium,Bells,Spain,2023-03-19,89.93,339.24
003,Bike Light,Accessory,Yellow,60,Large,Lights,Germany,2027-03-21,86.69,294.35
002,Bike Pump,Accessory,Blue,29,Small,Tools,France,2026-03-31,63.13,304.35
004,Bike Bell,Accessory,Blue,68,Large,Bells,Germany,2027-06-27,50.5,126.17
003,Bike Light,Accessory,Black,41,Large,Lights,Italy,2027-03-14,73.97,262.75
005,Bike Helmet,Safety,Yellow,58,Medium,Helmets,Italy,2025-05-29,57.81,212.69
003,Bike Light,Accessory,Yellow,45,Small,Lights,Italy,2024-03-18,81.29,281.02
003,Bike Light,Accessory,Green,68,Medium,Lights,Germany,2024-10-26,61.11,322.25
002,Bike Pump,Accessory,Blue,57,Large,Tools,Germany,2027-06-29,144.42,290.33
001,Bike Lock,Accessory,Black,26,Large,Hydration,UK,2026-09-21,51.12,258.41
005,Bike Helmet,Safety,Black,53,Small,Helmets,Italy,2023-09-25,53.57,314.44
005,Bike Helmet,Safety,Yellow,70,Medium,Helmets,Italy,2024-07-23,54.98,137.6
005,Bike Helmet,Safety,Red,37,Small,Helmets,France,2027-11-15,118.49,216.4
005,Bike Helmet,Safety,Red,40,Large,Helmets,France,2026-11-02,134.96,362.64
004,Bike Bell,Accessory,Yellow,69,Small,Bells,Italy,2025-11-01,122.69,365.27
005,Bike Helmet,Safety,Blue,42,Medium,Helmets,Italy,2025-08-13,82.98,291.13
002,Bike Pump,Accessory,Black,59,Small,Tools,Spain,2026-01-14,76.56,259.36
002,Bike Pump,Accessory,Black,60,Medium,Tools,France,2027-11-23,59.88,286.06
002,Bike Pump,Accessory,Blue,50,Large,Tools,France,2024-05-19,100.84,201.49
001,Bike Lock,Accessory,Red,48,Small,Hydration,UK,2023-08-16,123.63,365.03
003,Bike Light,Accessory,Black,54,Large,Lights,Italy,2023-05-21,76.75,339.5
003,Bike Light,Accessory,Green,62,Small,Lights,Italy,2027-05-02,52.93,189.98
003,Bike Light,Accessory,Green,41,Large,Lights,Italy,2023-08-24,51.8,257.38
004,Bike Bell,Accessory,Yellow,41,Large,Bells,Germany,2026-01-16,142.76,362.65
001,Bike Lock,Accessory,Yellow,42,Small,Hydration,Italy,2026-06-22,76.07,166.5
003,Bike Light,Accessory,Yellow,70,Large,Lights,Spain,2025-04-13,143.87,197.11
001,Bike Lock,Accessory,Black,70,Large,Hydration,Spain,2027-12-27,70.7,187.89
005,Bike Helmet,Safety,Blue,57,Small,Helmets,UK,2023-07-21,129.17,232.4
005,Bike Helmet,Safety,Yellow,48,Large,Helmets,UK,2027-06-09,137.51,201.61
002,Bike Pump,Accessory,Yellow,26,Small,Tools,Spain,2024-10-30,57.56,179.01
001,Bike Lock,Accessory,Blue,60,Large,Hydration,UK,2026-02-27,145.77,167.15
005,Bike Helmet,Safety,Blue,46,Medium,Helmets,France,2023-12-27,54.37,338.38
005,Bike Helmet,Safety,Red,49,Small,Helmets,UK,2024-02-18,85.75,233.86
005,Bike Helmet,Safety,Green,43,Small,Helmets,Germany,2025-06-06,52.82,389.61
005,Bike Helmet,Safety,Green,55,Large,Helmets,UK,2026-07-17,66.76,309.53
001,Bike Lock,Accessory,Red,65,Medium,Hydration,France,2025-03-15,134.53,183.32
002,Bike Pump,Accessory,Blue,50,Large,Tools,UK,2027-01-24,88.02,325.38
